no,2,0.0,3,1,2,0,0.0,0.0,
dove vivere,4,0.0,2,1,0,0.0098,0.0,0.0,
andare impollinare pianta albero frutto preppine scroscianti catastrofe questo consumare piu anno silenzio pressoche totale media troppo spesso sottovalutare problematica legato al ambiente ape stare diminuendo modo spaventoso tutto mondo alcuni pensare questo fenomeno potere comportare semplicemente diminuzione produzione miele non esattamente coso ape essere responsabile del impollinazione centinaio specie pianta sia coltivato selvatico conseguenza mancare impollinazione riflettere sul agricoltura sul intero ecosistema pianeta pratica non solo niente miele niente frutto meno verdura niente fiore,112,0.0,6,1,12,-0.0027,0.0267,0.0,
mandare quello paese questo zingaro bugiardo,9,0.0,1,0,0,0.0005,0.0,0.0455,
complimento chi sostenere ancora questo politica marcia clapping_hands ,9,0.0,2,0,1,0.0361,0.0,0.0,
troppo poco caro salvini castrazione,6,0.0,1,0,0,0.1354,-0.2,0.0,
non primo qualcuno stupro boldrini fino saziare questo scempio non fare finire,16,0.9375,2,0,1,-0.0179,0.0,0.0128,
no essere essere orticanti,4,0.0,3,2,0,0.6211,0.0,0.0,
dire questo legge essere chi,11,0.0,3,2,0,0.0635,0.0,0.0,
popolo inutile zingaro parassita delinquente,8,0.0,1,0,0,-0.1375,0.0,0.0682,
meno male avere avere giornata triste motivo famigliare non avere guardare tivu odio castaldini librandi malpezzi gente solo comparire pubblico prendere giro bastare vedere sorrisetto supponenza perennemente stampato volto librandi gente cervello completamente vuoto quello riguardare amministrazione cosa pubblico bastare ascoltare isterica castaldini sapere solo parlare macchinetta sopra voce altro piu grande disgrazia,80,0.0125,4,0,3,0.0248,0.0189,0.0024,
brutto sbugiardava fare schifo,6,0.0,1,0,0,-0.1589,0.25,0.0333,
questo befana non venire torcicollo fare sempre no testa,15,0.0,2,1,0,0.0371,0.0,0.0,
voterei sapere tipo collare usato poltrona non stracca sedere non fata altro dire scazziate prendere fondello essere stanco,28,1.0,1,0,0,0.019,0.1667,0.0,
mai vedere gallina tanto plagiare,5,0.0,1,0,0,-0.1257,0.0,0.0,
ieri avere cambiare canale malpezzi castaldini librandi essere veramente insopportabile debbio insistere proporre sempre avere decidere non guardare piu questo programma,28,0.0,2,0,3,-0.0099,0.0476,0.0059,
cacciare via tanto fa solo danno non gliene fregare niente italiano chissa pensare solo manghi negro,20,0.0,2,1,2,0.0212,0.0625,0.01,
bastare questo campo roma dovere porco rimedio fretta non essere piu tollerabile covo delinquente incallito senza scrupolo sorprendere solo gente quello subire non cominciare fare giustizia solo,34,0.0,4,0,6,-0.0096,0.037,0.0155,
prendere schiaffo castaldini molto volentieri ignorante stupido odioso antipatico,12,0.0,4,2,3,-0.1736,0.0,0.037,
italiano bruciare strega,4,0.75,2,0,1,-0.1328,0.0,0.0,
augurare italiano aprire finalmente occhio,10,0.0,2,0,1,-0.0311,0.0,0.0,
grande grande zia,4,0.5,2,1,1,0.1719,0.3333,0.0,
essere gratuito italiano non tutto chiaro,12,0.0,4,1,2,-0.0234,0.0,0.0,
castrazione chimico legge legittima difesa salvini non fermare strapazziamo via sinistra,16,1.0,1,0,0,0.0056,0.0,0.0,
questo cavolo presidente stare mettere quello infame napoletano senza spina dorsale pronto prendere ordine pdf buffone,24,0.0,3,1,1,-0.0007,0.0625,0.0169,
vivo nana,3,0.0,1,0,0,0.0914,0.5,0.0,
schifo donna,4,0.0,1,0,0,-0.125,0.0,0.0,
questo verme stare italia,7,0.0,2,1,0,-0.0208,0.0,0.04,
stazzi,2,0.0,4,1,3,0,1.0,0.0,
malpezzi andare finire piacere sei ridicola,8,0.0,1,0,0,-0.0273,0.0,0.0,
domare racchio pdf dovere scioglitore essere rompicoglioni essere buono forse ad fare badare,18,0.0556,2,0,1,0.1395,0.1538,0.0217,
mattarella avere volere come presidente insabbiare tutto cosa meravigliare capo mafioso,16,0.0,3,0,3,0.021,0.0,0.0115,
maya,1,0.0,1,0,0,0,0.0,0.0,
quale castrazione bisogna tagliare coglione fare ingoiare,10,0.0,1,0,0,0.0256,0.0,0.0175,
quando guardo questo programma venire rabbia no sabbie mandare pulire cesso forse meglio qui andare sempre peggio colpa nostro invece stare divano fare qualcosa,34,0.0,5,2,2,-0.0346,0.0417,0.0,
meritare russo grande,5,0.0,1,0,0,0.1901,0.0,0.0,
oltre odioso quello pdf pure cesso oltre non puo sentire cazzata dire non puo vedere,27,0.037,1,0,0,0.0154,0.0667,0.0238,
aiutare picchiare,3,0.0,1,0,0,-0.0024,0.0,0.0,
matteo questo balordo pdf avere rotto tutto profugo roma non sapere come coraggio avere ancora parlare fare schifo tutto questo fasullo ciarlatano non potere piu sperare tanto cambiamento radicale questo europeista liberare nostro caro patria,48,0.0417,3,1,9,-0.0009,0.0857,0.0165,
essere popolo coglione vigliacco piangere addosso senza fare nulla non avere palla protestare questo bene tutto questo,26,0.0,2,1,2,0.1268,0.0,0.0254,
gallina,1,0.0,1,0,0,-0.25,0.0,0.0,
questo bene ribellare,5,0.0,3,0,2,0.3041,0.0,0.0,
solo vedere danno voltastomaco,6,0.0,2,1,0,0.0096,0.0,0.0,
chi truppa andare eliminare fisicamente,6,0.0,3,0,2,0,0.2,0.0,
irritante gia solo espressione viso,7,0.1429,1,0,0,-0.0417,0.0,0.0,
odioso muovere sistema nervoso castaldini vedere strisce trovare altro lavoro come talaltra faccia culo,19,0.0,4,3,1,-0.0306,0.1429,0.0097,
cosa fare ridivide coso gente sapere quello dire donna inutile arrogante pieno maleducazione cosa chiamare fare trasmissione caro debbio solo irritare telespettatore poi mandare quello paese,45,0.0,1,0,0,0.0355,0.0769,0.0,
irritare cambio canale,3,0.0,2,0,2,0.022,0.0,0.0,
paladino causa anti italiano essere curioso conoscere qualcuno avere votare selz volere semplicemente sputare faccia,19,0.0,3,0,2,0.0005,0.0667,0.0,
stronzo ignorante,3,0.0,1,0,0,-0.3203,0.0,0.0588,
fare veramente pena dove vivere questo povero crosta,10,0.0,4,1,4,-0.0449,0.0,0.0,
quanto avere subito donna asia africo america latina nostro connazionale castrazione chimico criminale occidentale non esistere ancora,27,0.0,2,0,1,-0.0645,0.0,0.0075,
idiota corte demente firenze,8,0.0,3,1,2,-0.0156,0.0,0.0357,
in quando tutto donna non votare matteo salvini,9,0.0,1,0,0,-0.002,0.0,0.0,
,1,0.0,1,0,0,0,0,
non sopportare fortuna ancirani,8,0.0,2,1,0,-0.0118,0.25,0.0,
veramente toccante racconto quello poveretta,7,0.0,2,1,0,0.0047,0.0,0.0227,
presidente ad renzi volta sannita,7,0.0,2,0,2,0.0,0.0,0.0,
esempio eclatante rincoglionire,5,0.0,1,0,0,0.0573,0.0,0.0323,
,1,0.0,1,0,0,0,0,
matteo spianare tutto,3,0.0,2,1,0,0.0,0.0,0.0,
purtroppo continuare votare pdf pisciatoio pubblico democratico,11,0.4545,1,0,0,-0.0413,0.1429,0.0,
assolutamente no,2,0.5,1,0,0,0.375,0.0,0.0,
inalare tutto,4,0.0,1,0,0,0.0,0.5,0.0,
strega piu schifoso altro,7,0.0,3,0,3,-0.3281,0.0,0.08,
dove essere skinhead spranga ferro quando servire,11,0.0,2,3,0,0.0027,0.0,0.0,
non bastare negro essere pure zingaro presidiare nostro citta ruspa aspettare,16,0.0,3,1,2,-0.0089,0.0,0.026,
non solo ladro intollerante questo pdf,8,0.0,2,0,1,0.1042,0.1667,0.0526,
rispettare infermiere,1,0.0,1,0,0,0.2446,0.0,0.0,
salutare savona andrea,6,0.0,1,0,0,0.0104,0.0,0.0,
stare antipatico tutto quando stare zitto figurare quando aprire bocca dire poco cazzo,18,0.0,2,0,1,-0.0634,0.0769,0.0116,
qua fregare casa perdere tempo parlare diritto civile,16,0.9375,1,0,0,0.0003,0.0,0.0,
vaffa tu grazia,7,0.0,1,0,0,0.1033,0.3333,0.0,
the famigli,2,0.0,1,0,0,0,0.5,0.0,
non ora sterminare questo maiale,7,0.0,1,0,0,0.0391,0.0,0.0312,
sporco re zoom,3,0.0,1,0,0,0,1.0,0.0,
quello avere sempre dire avere kris ruba tagliare mano pensare bene,16,0.0625,2,1,2,0.1129,0.0909,0.0,
dispiacere,2,0.0,1,0,0,-0.25,0.0,0.0,
versanti fuori testa non ora sempre,11,0.0909,1,0,0,0.0156,0.1667,0.0,
chiedere quello stare studio,8,0.0,2,1,0,0.0469,0.0,0.0,
non sopportare,3,0.6667,2,0,1,-0.004,0.0,0.0,
piu poi tutto ricordare qualcuno,6,0.0,3,0,3,0.021,0.4,0.0,
po essere italiano do disintegrare,8,0.0,3,0,2,0.0156,0.4,0.0,
brutto troia,2,0.0,1,0,0,-0.3711,0.0,0.0833,
peggio bestia vogatori sodomita poti,5,0.0,2,1,1,0,0.4,0.0556,
matteo parlare roma adesso castaldini vedere disperato resistere,11,0.0,2,0,2,-0.0561,0.125,0.0156,
democrazia stella renzi questo fare tempo piazza pulito suo partito rai tutto posto dove puo mettere mano tannini tutto giornalista scomodo dittatore casa,36,0.0,5,5,1,0.0232,0.0435,0.0,
straniero non comportare bene non rispettare regola bisogna rimandare paese sempre,19,0.0,2,0,1,-0.1243,0.0,0.0,
proprio no odioso massimo,5,0.0,1,0,1,0.3594,0.0,0.04,
mio gusto musicale essere lontano quello fa fende questo non togliere ragazzo intelligente condividere suo pensiero non ascolto come cantante,33,0.0303,4,1,4,0.0014,0.05,0.0,
zia tutto veneto essere conte,6,0.0,1,0,0,0.0104,0.0,0.0,
avere ragione quello avere dire volta danno fastidio insieme danno vomito altro digerire dove vivere questo cretino,28,0.0,5,4,0,-0.0102,0.0,0.0174,
dovere essere stuprare donna governo chi avere coraggio violentare boldrini solo pensiero vomito,20,0.0,4,1,2,-0.0042,0.0,0.0104,
popolo italiano invece fare commento andare distruggere governo avere distruggere italia,15,0.0,3,0,2,-0.0266,0.0,0.0,
pulizia etnico,2,0.0,2,0,1,-0.0312,0.0,0.0,
avere dire bene ieri triglifo quando ruspa finire campo roma dovere iniziare centro sociale,20,0.0,2,0,2,0.0661,0.1429,0.011,
continuo dire volere pena morte questo bestia,13,0.0,1,0,0,-0.041,0.0,0.0222,
punk invece librandi para sia bere cervello grazia pensare voto perso compagno,20,0.0,2,1,0,-0.0043,0.0833,0.0,
non sapere piu balla inventare,6,0.0,1,0,0,-0.0061,0.0,0.0333,
stare sempre televisione dire cazzata poi avere voce irritante,13,0.0,1,0,0,-0.0594,0.0,0.0323,
castaldini fa piu bello figura sesta casa chi responsabile mettere univoca genere tutto rispetto locare,28,0.0,1,0,0,0.0688,0.1333,0.0,
chiedere quello avere,7,0.0,1,0,0,0.0625,0.0,0.0,
scusare prospero benzina,6,0.8333,2,1,0,0.1979,0.0,0.0,
vomito puro mettere librandi poker assicurato,6,0.0,3,0,2,0.0512,0.0,0.0,
,1,0.0,1,0,0,0,0,
non avere parola quinta colonna ancora invitare buffone prendere giro popolo italiano svegliare ora bravo salvo andare avanti,24,0.0,1,0,0,0.1151,0.0,0.008,
sperare questo incapace governare paese bravo distruggere finire tutto miseria,16,0.0,2,1,1,-0.0192,0.0,0.0128,
malpezzi castaldini lavare scala al mattino vergognavi,12,0.0,1,0,0,-0.0491,0.1429,0.0,
cazzata,1,0.0,2,0,1,-0.0938,0.0,0.0,
buongiorno matteo sei governare mandare questo schifoso roma,12,0.0,1,0,0,-0.1246,0.125,0.05,
malpezzi castaldini come politico non capire oca,9,0.1111,2,0,1,0.0031,0.1429,0.0208,
sopprimere,1,0.0,2,0,1,-0.2518,0.0,0.0,
manco chilo bicarbonato odioso,6,0.0,2,0,2,-0.1906,0.0,0.0333,
delinquente,2,0.0,3,2,0,-0.2188,0.0,0.0,
essere dimenticare librandi,4,0.0,1,0,0,-0.0312,0.0,0.0,
francesca vittima ricamare ossi tragedia famigliare faccia finire,13,0.0,3,0,3,-0.0447,0.125,0.0,
persona sgradevole bugiardo poco simpatica lavare piatto no,13,0.0,1,0,1,-0.0628,0.0,0.0169,
messe insieme tutto volta terrificare,9,0.0,2,0,1,0.0417,0.0,0.0,
governo sinistro proteggere complice mollusco,8,0.0,1,0,1,-0.0938,0.2,0.0222,
odioso,1,0.0,1,0,0,-0.125,0.0,0.0,
paga tassa beaming_face_with_smiling_eyes ,5,0.0,2,0,1,0.0322,0.0,0.0,
governo non italiano volere dire contro italiano governo coso dovere togliere coglione,23,0.0,3,1,3,-0.0156,0.0,0.0116,
sparare,1,0.0,1,0,0,-0.0003,0.0,0.0,
ruspare forza,2,0.0,1,0,0,0.0601,0.0,0.0,
merdone via via,3,0.0,1,0,0,0,0.0,0.0,
non potere nemmeno guardare figurare ad ascoltare,9,0.0,1,0,0,-0.0359,0.0,0.0,
assolutamente no messe assieme poi essere cocktails letale,9,0.0,3,0,2,0.0,0.25,0.0,
foto schifoso,2,0.0,1,0,0,-0.3129,0.0,0.1538,
no nessuna odioso sapiente,6,0.0,4,0,3,-0.0312,0.0,0.0385,
renzi sei vendere molla tutto andare via,9,0.0,2,1,0,-0.0121,0.0,0.0,
strega quindi ruspa,3,0.0,2,2,0,-0.0156,0.4,0.0,
non non digerire questo stronzo,6,0.0,3,0,3,0.1885,0.0,0.0323,
napoli dire mannaggia colon,6,0.1667,1,0,0,0.0005,0.0,0.0,
sia castaldini sia malpezzi essere completamente fuori strada malpezzi forse ancora peggio ultimamente questo montare testa,24,0.0,3,3,2,0.0504,0.0,0.0,
mettere pure librandi vomitare completo,8,0.0,1,0,0,0.0095,0.0,0.0256,
no figurare italia arrivo pensare cosa genere andare ri integrato poveretto,19,0.0,4,3,0,-0.0538,0.0909,0.0133,
essere entrambi odioso insopportabile assoluto malafede quando vedere cambio canale immediatamente,14,0.0,1,0,0,-0.1543,0.0,0.0204,
solita ruffiano tutto giorno tivu quando lavorare violentare parlare uniste,17,0.0,3,2,2,0.0096,0.2,0.0133,
sei mitico forza matteo,4,0.0,3,1,1,-0.0688,0.0,0.0,
matteo avere perfettamente ragione,4,0.0,1,0,0,0.2143,0.0,0.0,
cretino danno sbirciata manuale giovane marmotta primo andare onda,16,0.0,1,0,0,-0.0162,0.0,0.0,
vele come fa piacere questo nimbo offendere sempre tutto dire mese sempre stesso cosa avere capire non essere stupido,23,0.0,1,0,0,0.0849,0.1053,0.0085,
tutto essere persona odioso fare notare remare contro corrente avere prostituto occhio tappo cerume orecchio povero sopportare questo pdf leccare renzi puro avere porre ben pagare non fare nulla questo pdf non amare paese italia essere solo pronto prendere giro tutto italiano onesto non solo governo colpevole questo scempio chi andare votare pdf,85,0.1176,2,1,4,0.0106,0.0943,0.0029,
odioso tutto fare venire male stomaco,9,0.0,2,1,0,-0.0641,0.0,0.0,
numero assimilassimo nostro baghdad,6,0.0,1,0,1,-0.0622,0.5,0.0,
non essere padano bifolchi ignorante trovare pdf giungere quello partito trovare grande leccai politica,26,0.0,1,0,0,0.0888,0.1429,0.0097,
grazia zia,2,0.0,2,1,0,0.1189,0.5,0.0,
usino quando non succedere al figlia politico,9,0.0,2,0,1,-0.0182,0.1429,0.0,
stranezza mente chi percepire isiaco ansimo,11,0.0,1,0,0,0.0061,0.3333,0.0,
questo su tirone non andare strada fare po,15,0.0,2,0,1,-0.0,0.375,0.0,
fare andare coppia dire andare fare visita notte campo roma vedere come divertire,22,0.0,1,0,0,0.009,0.0769,0.0123,
italiano unire contro politica corrotta stare portare sfascio senza piu briciolo credibilita confronto altro nazione trattare meglio clandestino nostro pensionato,28,0.25,3,0,5,0.0058,0.0,0.0,
usare senza economia,4,0.0,1,0,0,-0.0107,0.0,0.0,
quello non sopportare proprio,7,0.0,1,0,0,-0.004,0.0,0.0,
questo donna indemoniato come renzi andare via ladro,9,0.0,1,0,0,-0.0026,0.0,0.0192,
grande coraggio mio stima rispetto grande donna,11,0.0,1,0,0,0.1727,0.0,0.0,
schifo,3,0.0,2,1,0,-0.1875,0.0,0.0,
quello piu spaventare quando parlare sembrare convincere quello dire povero italia povero italiano,20,0.0,3,0,2,-0.0974,0.0,0.0,
proprio no malpezzi oltre ad essere invadente poco educare castaldini fa pena sentire disco rotto,25,0.0,5,4,4,-0.0542,0.0,0.0,
fine avere fatto ronda sicurezza lega bisogna riorganizzare immediatamente stare non difendere dovere fare fatto chiacchiere,26,0.0,3,2,1,0.0211,0.0625,0.0,
castaldini quello bocca potere fare altro,8,0.0,1,0,0,0.0,0.0,0.0,
buongiorno matteo,2,0.0,1,0,0,0.0,0.0,0.0,
mondezza puzza meno,5,0.0,2,0,1,-0.1042,0.0,0.0,
spezzone suo trombatore pronto garantire vitalizio dove mettere successo renzi,22,0.8636,3,2,1,0.0447,0.1,0.0,
,1,0.0,1,0,0,0,0,
sembrare tantino prepotente cosa non consentire al donna islamico meno,12,0.0,2,0,1,0.0534,0.0,0.0,
voto no faccia bifolchi piduisti,8,0.0,1,0,0,0.0156,0.2,0.0,
conoscere molto pescatore sicilia essere pienamente ed accordo ribellare non mettere testa sotto sabbia non fare sottomettere questo politica infame,26,0.9615,1,0,1,0.0662,0.05,0.0,
non capire cazzo,4,0.0,1,0,0,-0.0957,0.0,0.0625,
debbio ogni tanto come essere circo dove piu gente entrare piu bestia vedere,18,0.0,2,0,1,-0.0385,0.0769,0.0132,
ma sentire solo tutto sbraitare tanto soluzione non sentire nemmeno po,16,0.0,3,1,2,0.0093,0.0909,0.0,
no nuovo film scemo screma cervello gallina chiedere scusa al gallina,15,0.0,1,0,0,-0.0251,0.0909,0.0145,
ovvio dovere essere difesa italiano questo su non avere certo problema suo risorsa beccare italiano senza scorta essere cazzo,28,0.0,3,1,6,0.0625,0.0526,0.008,
trucchi piega banana ,6,0.0,1,0,0,0.0,0.5,0.0,
essere oltre ad essere signorone cerebroleso sei pure pedidio pensare quanto disgrazia avere addosso scozzone,17,0.0,2,0,1,-0.0048,0.2667,0.0092,
non essere immigrato programma elettorale salvini essere secondo niente no scusa meno niente niente adesso,31,0.0,7,2,4,0.0051,-0.0667,0.0,
posa cellulare concentrato,4,0.0,2,0,1,-0.0521,0.0,0.0,
un tonno sentire come fa,7,0.0,3,0,3,0.0208,0.4,0.0,
bravo matteo straniero regola lavorare rispettare legge non avere niente temere clandestino zecca invece,23,0.0435,4,0,4,0.1076,0.0,0.0096,
quello successo ragazza dovere succedere al figlia solo coso cambiera qualcosa altrimenti non cambiare mai nulla mappe castaldo vergognarsi,26,0.0,1,0,0,0.0162,0.0526,0.0,
salvini sicilia non andare svendere andare affondata,10,0.0,2,0,1,-0.0,-0.1429,0.0,
solo primo venire cotta bene macinato,9,0.0,1,0,0,0.0629,0.0,0.0,
questo ignorante schifezza tirare fuori bocca fare saltare nervo venire vomitare faccia,23,0.0435,1,0,0,-0.0531,0.0,0.023,
bello locutio dove trasferire redazione stegola fallo quotidiano,11,0.0,2,0,1,0.125,0.25,0.0156,
dubbio non portare trasmissione quello odioso salva solo santa altro non sapere cosa dire,20,0.0,1,0,0,0.0485,0.0,0.0112,
sport diventare bustine vergognoso ragazzo stella abolire questo robaccia mandare tivu solo comizio zeppe opinione stanzi travaglio decisione eccezionale coraggioso presa statista luigi tomaio sara presto capo governo forza armato polizia scuola sanita,57,0.0175,3,0,8,-0.0199,0.1212,0.0,
finca questo zecca offendere significare essere parte giusto problema essere fare complimento,19,0.0,3,0,2,-0.0333,0.0,0.0108,
bravo matteo cuore,4,0.0,2,1,0,0.1873,0.0,0.0,
no non guardo piu questo trasmissione essere come prezzemolo sfoggiare vide come essere brillantare dare mossa buttare tutto giu,28,0.0,2,0,4,0.0463,0.0526,0.0,
piu tosto fare sghiaccera fare bodies non mettere lavorare mi,2,0.0,16,0,16,-0.0617,0.3,0.0,
solo parola demente,4,0.0,2,0,1,-0.125,0.0,0.0526,
come fa ad invitare certo gente,7,0.0,1,0,0,0.0391,0.0,0.0,
debbio continuare invitare malpezzi antipatico brutto avere volere vedere porre quello ragazza chissa avere fatto smorfia fa quando parlare tanche dire verita non puo vedere sentire balla dire fa cambiare canale,49,0.0,6,3,3,-0.0148,0.0645,0.0095,
volere qua sputino invece quello ridicolo parolaccia parolaccia,10,0.1,2,0,3,0.0039,0.125,0.0,
non essere italiano oltre castrazione proporre quello fisico almeno permanente espulsione carcere paese sembrare minimo questo lurido verme schifoso,34,0.0,3,0,4,-0.1671,0.0,0.0203,
quando fare parlare,5,0.0,3,2,0,0.0,0.0,0.0,
no essere odioso,3,0.0,2,1,0,0.3233,0.0,0.0625,
rifondere fascismo,3,0.0,1,0,0,0.0,0.0,0.0,
quando dovere sopportare,3,0.0,1,0,0,-0.418,0.0,0.0,
salvini azzitta quello gallina melensi,6,0.0,1,0,0,-0.5391,0.0,0.0,
sparare,1,1.0,1,0,0,-0.0003,0.0,0.0,
castaldini fa vomitare,5,0.0,2,0,1,0.0,0.0,0.0455,
baio cagare,4,0.0,2,0,1,0.0,0.0,0.0909,
puro tenere poltrona non sciogliere pdf ormai sbando piu totale almeno fazione diverso interno essere paraculi non questo bene renzi non ve andare non fare sciogliere questo governo arrestare condannato giorno,46,0.0217,3,0,4,-0.0326,0.0938,0.0,
bastare governo andare chi fa interesse popolo non chi questo governo mortificare economicamente socialmente popolo,24,0.0,1,0,1,0.02,0.0,0.0,
cospetti roma non prendere tutto fare passare avere fatto quello ragazza chiudere giorno baracca poi massacrare essere sicuro quello sorriso ebete sere avere sparire cambiare legge,48,0.0,2,1,0,-0.0449,0.1154,0.0111,
castaldini ancora ancora salva fisicamente malpezzi disastro punto vista politico personale piu malpezzi cadere pezzo ed suo partito,39,0.0,3,0,7,-0.0365,0.0,0.0,
ancora tanto purtroppo tanto parola poco fatto,7,0.0,1,0,0,-0.0622,0.1429,0.0,
sottosviluppato,3,0.0,2,1,0,0.0,0.0,0.0,
matteo intervenire pulizia subito,4,0.0,2,0,1,-0.0486,0.0,0.0,
mandare piantare riso questo frigido,8,0.0,1,0,0,-0.1206,0.0,0.0,
quello mentecatto boldina creare commissione difesa roma musulmano nessuno prendere zampata quello flaccido culo,25,0.04,3,2,0,-0.0163,0.1429,0.0357,
tutto avere sorriso quello questo pigliare,15,0.0,2,0,1,0.0312,0.1667,0.0,
essere come bambola parlante dove schiacciare bottone dire sempre stesso cosa studiare parte funzione trasmissione cui partecipare robone bambolina,27,0.0,3,0,4,0.0022,0.0526,0.0,
adesso cosa danno settimana albergo stella lago garda,15,0.0667,3,2,0,-0.0041,0.0,0.0,
brava triestina,2,0.0,1,0,0,0.3041,0.5,0.0,
sputtanero tivu avere rotto palla menzogna demagogia primo duo palla snobs acta mio lavoro dire malpezzi dire ce questo capoccia vedere come renzi primo dire una cosa poi fare altro vendere servo massoneria andare italia sanguisuga uscita questo italia standisti,62,0.0,1,0,0,0.0063,0.2,0.0153,
doccia,1,0.0,1,0,0,-0.0156,0.0,0.0,
piu succedere meglio,5,0.0,1,0,0,0.1914,0.0,0.0,
comunque caro matteo non prendere provvedimento essere rovinare,10,0.0,2,0,1,0.1032,0.0,0.0,
non vivere altro pianeta questo vivere bel diva essere tutelare non avere certo problema cittadino poi noncuranza cui smentire realta,33,0.0,2,0,2,-0.0736,0.0,0.0,
matteo favore fare qualcosa questo deficiente pdf questo fare rabbia,14,0.0714,1,0,0,-0.0898,0.1,0.0147,
invitare fare girare palla cretino insulso,9,0.0,3,0,7,-0.025,0.0,0.0476,
questo combinare questo cosa essere risorsa delta boldrini,11,0.0,3,0,2,-0.0004,0.125,0.0,
sapere spiegare chi avere inventare figura mediatore culturale chi paga cosa servire poverino questo roma tutto pulito buono,24,0.0417,5,3,1,0.0419,0.0556,0.0081,
antipatia pouting_face ,2,0.0,1,0,0,-0.4062,0.0,0.0,
certo persona dovere togliere diritto parlare,9,0.1111,2,1,0,-0.0435,0.0,0.0,
malpezzi odio quello sorrisetto sfalso,7,0.0,2,1,1,-0.2378,0.0,0.0,
politico tutto dire tutto essere infame,8,0.0,1,0,0,-0.1089,0.0,0.0,
volta solo sentire nome venire nausea inascoltabili,14,0.0,4,1,2,-0.057,0.0,0.0196,
castrazione votero proprio dovere diventare femmina tutto effetto,11,0.0,2,0,1,0.0179,0.0,0.0,
essere inferiore,2,0.0,1,0,0,-0.4766,0.0,0.0,
venire trovare qua stronzo,6,0.0,1,0,0,-0.0104,0.0,0.0385,
povero sottospecie donna maleducato cafone bugiardo irrito solo vedere poi aprire bocca mandare fan culo allora istante,21,0.0,2,0,1,-0.0675,0.0,0.0336,
fine programma non avere capire niente ognuno dire suo quanto chiacchierare inutile ragazza violentare roma parlare ed altro vergognarsi,23,0.0,10,0,13,-0.029,0.1053,0.0074,
condividere parola santa morte avere tutto quello feccia,8,0.0,2,0,1,-0.0199,0.0,0.0,
cercare onorevole pdf riconoscere triplometro ridicolo,12,0.9167,2,0,1,0.0745,0.3333,0.0,
cornuto comunista,2,0.0,1,0,0,0.0,0.0,0.0,
poi caro marco ignorante bifolco addire piu,12,0.0,2,0,1,0.0219,0.0,0.0233,
quello papera chiudere bocca non capire niente,13,0.0,3,0,2,-0.0367,0.0,0.0217,
oltre non digerire sgozzare molto sadismo,9,0.0,1,0,0,-0.0854,0.0,0.0,
forza salvini mettere tacere quello pdf votero imbecille,13,0.9231,2,0,1,0.0043,0.0,0.0179,
dovere andare rocco soffreddi acclami questo girare film culo parlamentare volo beaming_face_with_smiling_eyes ,16,0.0,4,0,5,-0.0055,0.2727,0.0127,
malpezzi proprio no,4,0.0,1,0,0,0,0.0,0.0,
occhio marco rovini trozzi fingere essere eiettore mi su,15,0.0667,2,0,1,0.0104,0.4444,0.0,
ripulire tanto ruspa tanto camion ricompattato tanto discarica fognario relativo depuratore umano,13,0.0,3,0,4,-0.0174,0.0833,0.0,
mandare casa,4,0.0,2,1,0,0.001,0.0,0.0,
non digerire fortunatamente non mangiare fare schifo,13,0.0,6,3,4,-0.0581,0.0,0.0192,
no,1,0.0,2,1,0,0,0.0,0.0,
andare cagare,3,0.0,1,0,0,-0.0137,0.0,0.0769,
secondo ubriacone delinquente dovere riespulsi bastare,9,0.0,1,0,0,0.0563,0.1667,0.0185,
essere proprio ridotto male rivoluzione,5,0.0,3,0,2,0.0186,0.0,0.0,
potere bruciare non resto nulla,9,0.0,2,0,1,0.0239,0.0,0.0,
ecco tuo coerenza mordacchia,5,0.0,2,0,1,-0.0234,0.25,0.0,
fuori clandestino,2,0.5,1,0,0,-0.0312,0.0,0.0,
cavolo integrazione questo gente ve espellere incarcerare casa coso vendere delinquere ancora,19,0.0526,3,0,2,-0.0002,0.0,0.0,
no paletti proprio no castaldini nemmeno inutile,10,0.0,5,0,4,0.1002,0.1429,0.0,
ciao matteo lodo voce raffreddare bello schifezza ritornare peste colera,18,0.0,4,2,2,0.0514,0.0,0.0,
questo semplicemente meteco mettere renzi fare pagliaccio,15,0.0,1,0,0,0.0168,0.1429,0.0175,
toglievamo scorta non fare piu vostro zie,10,0.0,2,0,2,-0.0103,0.4286,0.0,
no non potere fare troppo troppo indigesto,7,0.0,2,0,1,0.3125,0.0,0.0,
prendere parola stendere,4,0.0,2,0,1,0.0104,0.0,0.0,
svegliare essere circondare,3,1.0,1,0,0,0.1406,0.0,0.0,
silfo,2,0.0,1,0,0,0.4375,1.0,0.0,
andare casa pinocchio andare casa pinocchio,8,0.0,1,0,0,0.0,0.0,0.0,
tutto cesso pulire andare televisione fare prendere culo certo dovere avere cervello gallina,23,0.913,3,2,0,0.044,0.0,0.0109,
quanto piu negativo esistere,5,0.0,1,0,0,-0.2004,0.0,0.0,
nominare nome tuo nonno invano,8,0.0,1,0,0,0.042,0.0,0.0,
mondo cosa trattenere ritirare zitto tutto altro commento invocato tornero vecchio vecchio avere bisogno lifting loro riforma signore come essere vecciati bruto,41,0.0244,3,1,1,0.0159,0.1818,0.0,
importante non sia librandi provocatore insensibile male altrui,12,0.0,1,0,0,0.0648,0.0,0.0,
ginocchio nudo servono tornare casa,8,0.0,1,0,0,0.0665,0.2,0.0,
quando italiano fare rivoluzione,7,0.0,2,1,0,0.1042,0.0,0.0,
soprattutto francese avere trasponga simon pasque hard pupille zaire monili mazut robert robert mazarino matite primo,22,0.0,2,0,11,0.0,0.625,0.0,
salvini video ho salutare tutto smentire andare rai come solito dimenticare salutare fare appostare cartolina qualsiasi modo fallo ciao grande salvini volere potere fare ora sogno ed oro,38,0.1579,7,0,11,0.0032,0.0357,0.0054,
antipatico,1,0.0,2,0,1,-0.25,0.0,0.0,
non fa rivoluzione sara fine,9,0.0,2,0,1,-0.2275,0.0,0.0,
bovesana povero ragazza sperare fabio sabbiati schiuma vincere possa portare sicurezza,14,0.0714,3,0,2,0.0,0.1818,0.0,
qualcuno zittire malpezzi favore,6,0.0,1,0,0,0.0605,0.0,0.0,
ecco chi avere rubare neurone comunque torta mancare ciliegio librandoti chiudere stanza glia dare tanto tanto tanto smiling_face_with_horns  angry_face  oncoming_fist ,31,0.0,4,2,3,-0.0227,0.1176,0.0086,
quanto essere questo barcone diecimila centomila milione quanto volere volere ad affondare tutto arrivare nuoto,15,0.0667,10,12,2,0.0176,0.0,0.0,
odio,2,0.0,2,1,0,-0.375,0.0,0.0,
non sopportare proprio,4,0.0,2,0,1,-0.004,0.0,0.0,
maledetto discendenza,4,0.0,2,1,0,0.0,0.0,0.0,
picco pala altro galera,6,0.0,1,0,0,0.0319,0.0,0.0,
castaldini solo sentire suo voce coso fastidioso costringere cambiare canale,14,0.0,1,0,0,0.0002,0.0,0.0,
orbato stare cagare piu colossale potere fare pdf non avere torto sindacalista ieri sera intervenire avere dare modo al azione potere licenziare piu facilmente poi avere dare modo assumere giovane piu rapidamente sfalso essere stare azienda avere intascare soldo senza assumere,60,0.0,1,0,4,0.0183,0.0732,0.0036,
rivoluzione,1,0.0,1,0,0,0.0625,0.0,0.0,
gentaglia pericoloso mai integrazione,4,0.0,2,0,1,-0.1875,0.0,0.0,
chiedere sempre credere veramente quello dire dovere dire forza andare bene essere convincere veramente indecente,29,0.0,3,1,1,0.145,0.0,0.0088,
gia essere impossibile non riuscire piu guardare debbio quando essere ed svigno librandi dove mettere,21,0.0,10,1,8,-0.0289,0.1333,0.0,
ruspa,2,0.5,2,1,0,0.0,0.0,0.0,
non sopportare fare girare appena aprire bocca chi avere messe dovere lavorare fabbrica catena,21,0.0,5,2,3,0.0337,0.0,0.0,
questo essere uomo bestia inizio mettere moto ruspa ok,15,0.0,8,5,2,-0.0282,0.0,0.0185,
fasulla marezzo mondo vivo capire suo borsa pieno soldo non capire nulla chi avere grosso problema economico idiota,29,0.0,1,0,0,-0.0343,0.0556,0.0087,
qua fregare casa perdere tempo parlare diritto civile,16,0.9375,1,0,0,0.0003,0.0,0.0,
questo cornuto,2,0.0,2,0,1,-0.25,0.0,0.0714,
unionismo italiano portera rovina popolazione italiano povero figlio nostro,13,0.0,3,1,1,-0.0322,0.1111,0.0,
peggio peggio librandi votero ignorante,9,0.0,1,0,0,-0.1654,0.0,0.0256,
essere stanco sentire solo chiacchiera popolo dovere fare primo guerra nostro politica poi questo popolo zozze schifoso avere imporre convivere votazione subito guerra civile,40,0.025,4,2,2,-0.096,0.0417,0.0115,
no essere proprio indigesto invadente,7,0.1429,3,2,1,0.25,0.0,0.0,
questo ospite non vedere piu trasmissione debbio non puo portare questo deficiente,16,0.0,1,0,0,0.0069,0.0833,0.0122,
no andare battere marciapiedi,7,0.0,1,0,0,-0.0237,0.0,0.0,
,1,0.0,1,0,0,0,0,
chiudere tutto polese,3,0.0,2,1,0,0.1354,0.3333,0.0,
cosa buffa primo parlare do mandare bambino roma scuola dopo servizio stazione termine non avere piu parlare fino fine trasmissione,31,0.0323,2,0,1,-0.0072,0.05,0.0076,
no poi librandoti insopportabile,11,0.0909,4,2,1,0.0,0.25,0.0312,
matteo sei nostro voce donna non potere fare cavolo legge piu severo,18,0.0,6,5,0,0.1124,0.0,0.0147,
fare venire zagarella,4,1.0,1,0,0,0.0,0.3333,0.0,
chimico no fisico,2,0.0,3,1,2,-0.002,0.0,0.0,
non sopportare piu gia avere voce insopportabile mio povero orecchio poi sentire solita cretinata dire aiuto,23,0.0,6,3,6,0.0526,0.0,0.0185,
mamma mio non puo sentire malpezzi,8,0.0,2,1,0,-0.0013,0.0,0.0,
manca librandi,3,0.0,3,2,0,0.0,0.0,0.0,
fuori tutto castrazione chimico stupratore pedofilo,8,0.0,3,2,0,0.0125,0.0,0.0196,
pene piu severo femminini volere parlare,10,0.1,2,1,1,-0.0984,0.1667,0.0,
malpezzi questo storcere augurare provare stesso tortura avere subito bovesana,15,0.0667,2,0,2,-0.0797,0.1,0.0,
non fare mezza testa pure brutto oltretutto,11,0.0909,3,2,0,-0.2383,0.0,0.0233,
no assolutamente vivere luna coprire miele pastiglia cianuro credere solo strano oggi avere fatto mio mensile diminuire trattenuta locale mentre mio pagamento essere aumentare,35,0.0,7,0,10,-0.0481,0.0,0.0,
vivo salvini grande salvini grazia,6,0.0,2,0,1,0.002,-0.4,0.0,
no avere spegnere essere andata letto coso ora essere rilassare riposare,14,0.0,2,0,2,-0.0122,0.0,0.0,
rivoluzione governo casa,4,0.0,1,0,0,0.0208,0.0,0.0,
non sopportare parlare guardare telecamera non sapere come muovere quello stronzo bocca,17,0.0,1,0,0,-0.0589,0.0,0.0115,
fabio sabbiati schiuma municipio roma,8,0.125,1,0,0,0.0,0.2,0.027,
inutile lamentare poi non andare votare piduisti andare tutto inquadrare votare allora cosa non cambiare,22,0.0909,2,1,0,0.0,0.0667,0.0,
colpa chi fa parlare questo sentire importante domani andare rubare faccia italiano pagano tassa rionale spalla fannullone,36,0.0,1,0,2,-0.0151,0.0588,0.0164,
essere veramente indigesto,3,0.0,2,1,0,0.0078,0.0,0.0,
mettere campo roma,6,0.0,1,0,0,-0.0031,0.3333,0.0556,
tassazione chimica chirurgico bastare rimanere senza coglione questo merdoso poi suicida meglio ancora,16,0.0,1,0,1,-0.008,0.0769,0.0098,
mamma mio schifo partito pdf gruppo somaro,12,1.0,1,0,0,-0.0365,0.1429,0.0476,
simpatica come brufolo culo,6,0.0,2,0,1,-0.0417,0.0,0.037,
ruspa dappertutto,5,0.0,5,4,0,0.0938,0.0,0.0,
salvini sabaudia vedere fare qualcosa,8,0.125,1,0,0,0.0031,-0.2,0.0,
,1,0.0,1,0,0,0,0,
terribile tutto castaldini peggio violetta smorfie oltre assurdita sostenere,21,0.0,1,0,0,-0.1244,0.2222,0.0,
schifo essere maledetto dovere difendere nostro gente dovere fare lavorare prosperare qui vedere annichilimento pagare caro tutto,22,0.0,3,0,3,0.0169,0.0,0.0,
mai essere insopportabile malpezzi sembrare quello sfalso tutto,12,0.0,4,4,0,0.0312,0.125,0.0159,
guardare mano molto curato unghia lungo secondo non avere lavare mai piatto non essere fuori tempo non puo usare scomputera euro mese fare salotto tutto tivu raccontare tutto andare bene sembrare tanto andare lavorare smettere prendere giro tutto,61,0.0,5,0,13,0.0513,0.0526,0.0,
ciao matteo salvini essere venuto italia anno fa sempre sostenere lega gente bene lavorare mandare avanti questo paese mandare reni casa grazia capitano bocca lupo,38,0.1842,5,3,4,0.0514,0.0,0.0,
questo foto sembrare leggermente ubriaco,6,0.0,3,0,2,0.0154,0.0,0.0,
pel pollo zulu gabriele annuso williams tosare leonardo uligani nicola treccia,11,0.0,1,0,0,0.0,0.5455,0.0128,
grande cultura ascoltare questo ladro pisa giorno litigare notte andare avere rubare assieme,20,0.0,2,0,2,0.0144,0.0,0.0217,
paonazze,1,0.0,1,0,0,0.0312,1.0,0.0,
estendere pedofilo,5,0.0,2,1,0,0.0003,0.0,0.0,
quando spalancare occhio scuotere testa questo prendere pure culo,15,0.0,2,0,1,0.0419,0.0,0.0154,
tipa davvero ridicola fa pena,7,0.0,3,1,1,0.1146,0.0,0.0,
tutto cazzata dire fa sotto elezione,11,0.0,2,0,1,-0.0358,0.0,0.0278,
ecco risultato sveglia,3,0.0,3,3,2,0.0312,0.0,0.0,
fende insopportabile soprattutto indegno essere inscrivere concetto musica,13,0.0,2,1,2,-0.0045,0.125,0.0135,
forse,3,0.0,2,0,2,0.0,0.0,0.0,
stremo tufi,3,0.0,1,0,0,0,1.0,0.0,
brutto persona,3,0.0,2,0,1,-0.2383,0.0,0.0,
bovesana comunque non sembrare mio modesto avviso tanto convincente potere sbagliare,15,0.0,3,0,5,-0.1588,0.0909,0.0,
espulsione immediatamente,2,0.0,1,0,0,-0.0781,0.0,0.0,
assolutamente no avere trotto tocco pure pagare ridere bene chi ridere ultimo,14,0.0,3,0,3,0.0964,0.0833,0.0,
spaccare tutto matteo,3,0.0,2,0,1,0.0208,0.0,0.0,
essere indigesto stronzo,4,0.0,1,0,0,-0.3281,0.0,0.0417,
carcere mai pene certo,8,0.0,3,2,0,-0.0049,0.0,0.0,
dovere tenere casa questo bastardo,8,0.0,2,1,0,-0.1504,0.0,0.0294,
tenda nuovo buttare mare questo schifo questo incominciare bello stagione turista arrivare sembrare paese terzo mondo mandata poliziotto fare sgombrare questo scempio non puo fare fare tutto quello volere bastare non volere fare identificare rimandare libia italiano dovere avere giro citta questo persona non sapere nemmeno chi essere dove venire avere paura,86,0.0,4,2,7,0.01,0.0,0.0028,
quando vedere cambio canale,5,0.0,1,0,0,0.0076,0.0,0.0,
quello roma venire voglia ruspare subito tanto era insolente offensivo,12,0.0,2,0,1,-0.0368,0.1,0.0286,
,1,0.0,1,0,0,0,0,
paese civile dopo violenza efferato come quello subire ragazza certo centro aggregazione delinquenza degrado illegalita essere stare azzerare senza demagogia non possibile certo gente creare danno societa secolo rifiutare ogni forma integrazione dire storia presente passata,54,0.0,4,2,1,-0.0005,0.0,0.0036,
difficile,2,0.5,1,0,0,-0.5312,0.0,0.0,
fare tacere,3,0.0,2,1,0,-0.0625,0.0,0.0,
baracconi,1,0.0,1,0,0,0,1.0,0.0,
fare sparire faccia terra quanto non sopportare,13,0.0,1,0,0,-0.0593,0.0,0.0,
no schifo,3,0.0,1,0,0,0.25,0.0,0.1111,
bastardo maledetto,2,0.0,1,0,0,-0.1875,0.0,0.0,
faccia cazzo,3,0.0,1,0,0,-0.1876,0.0,0.0833,
castrazione chimico inutile non risolvere nulla quello fisico niente,14,0.0,2,0,1,-0.0006,0.0,0.0,
entrambi decretate,3,0.0,1,0,0,0.0,0.5,0.0,
mio genitore avere lavorare tutto vita avere casa questo parassita dire casa diritto dovere lavorare parola lavorare conoscere vostro vocabolario non esistere parassita sfigato drogato maleducato delinquente,42,0.0238,3,0,2,0.0396,0.0,0.0193,
adesso castaldini fa vanto sofferti avere usare primo ruspa matteo fatto prestare ruspa sofferti quello non marchio razzista,31,0.0,3,2,0,0.0384,0.1111,0.0,
ponte senza uscita,4,0.0,1,0,0,-0.0312,0.0,0.0,
debbio quanto para presentatore parte destra cosa continuare invitare questo ebete librandi altro fesso invitare poco cittadino mi su magari puo parlare altro non solo extracomunitario,44,0.0,2,0,4,0.0056,0.1154,0.0109,
manca solo quello mongoloide librandi,6,0.0,1,0,0,-0.0933,0.0,0.0541,
"sei maestro tivu quello povero berlusconi mangiare mano sapere solo parlare leggere gobbo renzi quello manovrare stare coprire insulto dopo sparata perdere referendum andare sicuro perdere gia adesso no avere ""z	u	l	u"" mamma idiota sempre vinciano",57,0.0,9,0,14,-0.0523,0.0857,0.0081,
salvini appoggio tuo post non pubblicare altro istigazione provocazione dire dovere fare cosa proporre concreto,23,0.0,4,6,3,0.0449,-0.0667,0.0,
no avere ascoltare stanche zecca no avere pensare guadagnare piu andare letto face_with_tears_of_joy ,21,0.0,2,0,1,-0.0514,0.0833,0.013,
questo tranquillo matteo pdf non volere volere turpe maltesi votato bambino non andare suola,22,0.0,1,0,0,-0.0055,0.4286,0.0109,
ruspa malpezzi castaldini quanto dovere vedere sopportare questo piscione,17,0.0,3,1,1,-0.0016,0.1111,0.0,
xerobi dovere correggere commento facevo,9,0.0,2,1,1,-0.0038,0.4,0.0,
primo leggere del delitto pene cesare beccaria informare formare tuo paese primo parlare cercare rappresentare non fare videoamplificatore castrazione purtroppo non deterrente stupratore pedofilo avere perversione morboso parte livello psichico non biologico favore non fare pecorone crescere fare cultura personale,62,0.0,4,0,6,0.0194,0.025,0.0032,
castrazione chimico poco matteo questo meritare peggio confused_face ,9,0.0,3,1,1,-0.0582,0.0,0.0,
chiedere avere chiuso miniera,7,0.0,2,0,1,0.0052,0.0,0.0,
matteo salvini dovere vedere fianco casa mio milano splendido casa occupare non dire nemmeno gentaglia vedere uscire dove campeggiare scritto chi compra questo casa compra occupante venire trovare matteo quando torno casa sera bambina non essere tranquillo,52,0.1154,3,2,0,0.054,-0.027,0.0039,
giovanni biondo sei scimunita mi,7,0.0,3,1,2,0.0,0.4,0.0,
certezza pena patteggiamento buono condurre stronzata simile,9,0.0,5,0,7,0.0982,0.0,0.0167,
rifiutare rimettere barca portare largo,9,0.0,1,0,0,0.004,0.0,0.0,
no fare fatica sopportare questo programma dove tutto sembrare litigare fine fare come ladro pisa giorno discutere notte andare rubare insieme,32,0.0,1,0,0,0.0314,0.0,0.0141,
fino quando essere quello fallito governo,9,0.0,1,0,0,-0.1407,0.0,0.0,
crudo no forse cotta vapore molto maionese insopportabile,10,0.0,3,0,3,0.0045,0.0,0.0175,
matteo lanciafiamme ciao grande capitano,4,0.0,2,1,1,0.0891,0.0,0.0,
dovere subire questo ubriaconi questo seguire quinta colonna,9,0.0,2,0,2,0.0079,0.125,0.0,
tutto non fare vedere avere vita televisione essere partito diverso e pure castaldini non perdere sedia dove seduta avere poggia sinistra svergognato malora piu,37,0.0,1,0,0,0.0271,0.0417,0.0,
buttare via tutto pulire citta fa comodo no,14,0.0,3,3,3,0.0103,0.0,0.0,
rumeno arrapati dovere entrare casa,7,0.0,2,1,0,0.0864,0.0,0.0,
pezzente,1,0.0,1,0,0,-0.0156,0.0,0.0,
assolutamente potere sicuramente fare meno essere proprio insopportabile faccia indisponente come tornero debbio non invitare piu valere tuo reputazione,25,0.0,1,0,2,0.0293,0.1053,0.0066,
continuare ad invitare alcune persona schifoso non guardero piu questo trasmissione poi avere deficienza nome roberto quando mandare fare altro lavoro,28,0.0,2,0,1,-0.0603,0.0,0.0133,
antipatico tono voce antipatico fisicamente vedere non essere mai sporcare mano zappare questo zoccolo,24,0.0,3,0,2,-0.0331,0.0714,0.0,
mettere fabbrica sgobbare fare capire realta non essere mai stare volgare dare zoccola questo significare offendere povero donna,27,0.0,3,1,2,-0.0528,0.0,0.0078,
stupido,2,0.0,1,0,0,-0.4531,0.0,0.0,
sodate,1,0.0,2,1,0,0,1.0,0.0,
castaldini parlare,6,0.0,2,1,0,0.0,0.0,0.0,
ruspare matteo,2,0.0,2,1,0,0.0039,0.0,0.0,
digerire non sapere sicuramente passo stitichezza,10,0.0,1,0,0,0.0897,0.0,0.0,
odio tutto insopportabile,6,0.0,4,0,4,-0.2292,0.0,0.04,
,1,0.0,1,0,0,0,0,
tutto fine teologo adesso ce tocco per profluvio commento de pubblico ruffianesco,13,0.0,1,0,1,0.0025,0.25,0.0,
pena morte,3,0.0,2,1,0,-0.124,0.0,0.0,
presuntuoso altezzoso vivere mondo non quello comune mortale guaio dovere abbassare nostro livello non accettare mai meno non riuscire fare vivere euro qualche mese,45,0.0,3,0,5,0.0006,0.04,0.0,
essere insopportabile sintattiche bravo salvini,5,0.0,1,0,0,0.043,0.0,0.0213,
fare culo come tuo matteo salvini pronto tutto puro ricatterei misero voto essere faccia stesso medaglia,22,0.0,3,0,2,-0.075,0.1875,0.0192,
certezza pena forse pensare confessore fiducia quello poveraccia vivo miracolo sciacquare altamente coscienza,26,0.0,2,0,1,0.0525,0.0,0.0,
fare venire vomito,5,0.0,1,0,0,-0.0156,0.0,0.0556,
,1,0.0,1,0,0,0,0,
magari raccogliere pomodoro tavoliere grado poi essere buono compagnia amico,19,0.9474,1,0,0,0.0936,0.0,0.0,
bastare fare pezzetto piccolo piccolo,7,0.0,3,1,3,-0.1405,0.0,0.0,
coso fa fatica digerire cesso,9,0.0,2,0,1,-0.1819,0.0,0.0,
avere voce insopportabile confused_face ,4,0.0,2,0,2,-0.156,0.0,0.04,
quale cultura parlare roma avere cultura parte quello rubare,16,0.0,3,0,2,0.0322,0.1111,0.0333,
essere tutto tarato piduisti suo zecchini dire sempre stesso cosa tre anno,16,0.0,1,0,0,0.0208,0.1667,0.0,
manco bicarbonato soprattutto castroneria malpezzi,10,0.0,1,0,0,-0.0497,0.2,0.0,
"matteo come fare non mandare fare culo questo comunista smerdo ""z	u	l	u"" essere sfalso odioso",19,0.0,2,1,1,-0.1364,0.1429,0.0215,
arrivare stradini altro scemo,7,0.1429,1,0,0,-0.0208,0.25,0.0345,
bisogna assolutamente votare no referendum costituzionale chiedere come cosa coso importante sia fatta fare non avere eleggere nessuno,26,0.0769,3,2,0,0.0815,0.0,0.0,
sperare referendum ottobre svegliare,8,0.0,1,0,0,0.0771,0.0,0.0,
mattarella renzi essere bastardo servizio market,10,0.0,1,0,0,-0.0906,0.1667,0.0208,
west sputino,2,1.0,1,0,0,0,1.0,0.0,
deficiente irresponsabile come governo schifoso rappresentare,9,0.0,1,0,0,-0.1812,0.0,0.0328,
essere simpatica come attacco colite non sapere come questo essere stare capace arrivare fino essere come statuina cosa vomitevole solo avere vedere poi mettere librandi frittata servita vergogna,43,0.0,2,0,2,-0.0039,0.0,0.0,
povero ragazza suo vita non sara piu stesso,10,0.0,3,0,2,-0.1411,0.0,0.0,
anno faccia come culo,6,0.0,1,0,0,-0.0,0.0,0.0476,
dio avere ragione donna inferiore,5,0.0,2,0,1,-0.0229,0.0,0.0,
zecca piote fare vedere foto mio cane grattare,14,0.0,3,2,0,-0.0305,0.125,0.0217,
salvini amare tutto yankee lega amare solo razzista non amare fottere sole sempre salvini matteo tubo sei bello persona tuo sorriso sei meraviglioso tubo,35,0.0,3,0,3,0.0731,0.0417,0.0065,
personalmente fare pena spezzando quello persona dovere difendere italiano ce dubitare para non potere dire parola nostro difesa subito essere taccati questo insensato para italiano essere avversario principale,52,0.0192,2,0,2,0.0361,0.0714,0.0,
stronze,2,0.0,1,0,0,-0.3594,1.0,0.0,
disinfestazione questo scarafaggio rosso,5,0.0,2,0,1,-0.1667,0.0,0.025,
odioso,1,0.0,2,0,1,-0.125,0.0,0.0,
normale parlare continuamente caccola avere spegnere fata vomitare,10,0.0,4,2,4,-0.0469,0.0,0.0152,
entrare visore notturno arma pugno,10,0.0,2,0,1,-0.0029,0.0,0.0,
riduzione tassa espulsione clandestino profugo guerra abolizione centro sociale giovane andare cercare lavoro tossicodipendente agevolazione al famiglia soldo essere bastare torcolieri avere diritto negro musulmano pensione controllo dipendente pubblico pulizia magistrato pulizia politico corrotto sicurezza pubblico sicuramente avere dimenticare scrivere altro essere coso tanto problema italia difficile tenere mente cosa andare poi mdp potere pensare al unione civile avere palla chiamare matrimonio gay questo,101,0.1683,3,0,10,-0.0048,0.0312,0.0058,
conduttore invitare tutto sincerita non vedere piu,13,0.0,2,1,0,0.0645,0.0,0.0,
solo stupro eccellente puo fermare ternano secondo questo macello rintano stuprare donna comune rassegnare non spostare yoga sia,23,0.0,3,1,4,0.0287,0.1667,0.0078,
la la la inutile ruspa,5,0.0,2,1,0,-0.05,0.6,0.0,
buono sera,2,0.0,1,0,0,0.3041,0.0,0.0,
quanto sei pietoso quello faccia bianca,8,0.0,1,0,0,-0.1768,0.0,0.0,
eh tutto persona perbene,4,0.0,3,3,0,0.2279,0.0,0.0,
"tappa bocca quello matta ""z	u	l	u"" non vergogna niente",12,0.0,1,0,0,0.0381,0.125,0.0,
pdf rovina fuori,5,0.2,1,0,0,-0.167,0.3333,0.0,
mettere direttamente muro storia finire intanto stesso avere dichiarare non essere democratico,16,0.0,3,2,0,-0.0388,0.0,0.0,
mettere pagliaccio chiamare scarabeo librandi quale latrina essere scappare vivo tanche,19,0.0,2,1,0,0.0369,0.1818,0.023,
odioso convincere cretino intentabili,5,0.0,2,1,0,-0.0808,0.25,0.027,
domare cosa fare governo dovere essere voce popolo dovere dire dovere fare legge scelta popolo non libero arbitrio essere governato massa deficiente non giusto accettare decisione essere chi avere mettere ma non stara mai giustizia votero,61,0.0164,6,2,5,-0.0212,0.0556,0.0042,
quanto odio,3,0.0,1,0,0,-0.0625,0.0,0.0,
malpezzi stupido suo,7,0.0,2,1,0,0,0.0,0.05,
salvini rompere cinese giuro fare avere almeno voto,14,0.0,3,0,2,-0.0453,-0.125,0.0196,
malpezzi come rozza le schifo,8,0.0,1,0,0,-0.0625,0.2,0.0345,
matteo povero ragazza avere rabbia castrazione chimico questo mostro,12,0.0,3,1,1,-0.0723,0.0,0.0,
sopprimere,2,0.0,1,0,0,-0.2518,0.0,0.0,
cronache sputare sentenza para avere fatto tutto realta non avere fatto oca scusare non votero non avere fatto oca avere fatto sacco casino favore banca,39,0.0,5,0,7,0.005,0.12,0.0132,
spina,5,0.0,3,0,2,-0.0625,0.0,0.0,
maledetto porco schifoso parassita pneumo ancora tanto,8,0.0,1,0,0,-0.1562,0.1429,0.0741,
mettere porre quello povero ragazza violentare insieme banda negro scatenato non toccare essere troppo brutto,24,0.0,1,0,0,-0.0411,0.0,0.0183,
andrea sei finire water cagare fuori,10,0.0,1,0,0,-0.0308,0.0,0.0278,
leader sputino dovere essere,5,0.0,2,0,1,0.0,0.25,0.0,
volere tonnellata bicarbonato digerire essere patetica non accorgere,15,0.8667,3,2,0,-0.0774,0.0,0.0,
quello essere disco rotto khomeinismo,8,0.0,1,0,0,-0.0026,0.2,0.0,
salita pressione andare lavorare,7,0.0,2,0,1,0.0029,0.0,0.0,
non potere sentire specie malpezzi,7,0.0,3,0,2,-0.0417,0.0,0.0,
roma schifezza degrado paese ladro fannullone oltre maiale poi girare foto padre pio questo schifoso rimettere nuovo legge fuori paese,33,0.0303,2,0,2,-0.0221,0.05,0.0373,
quando vedere questo essere cambio canale irritare,8,0.0,1,0,1,0.0213,0.0,0.0,
era prevedibile movimento mettere spregiudicato col soldo rubare dirigente azienda stare villini essere ruolini scaltro dipendente pubblico soprattutto agente militare amico nato conservare azienda casta dipendente pulisci privilegio quesiti contro cambiamento sfalso unionista addestrare simulare ad addottrinare autodenunciarsi democratico sapere non essere criminalita presto saltare fuori danno questo maledetto movimento avere fatto,77,0.0,1,0,0,0.0252,0.1923,0.0023,
matteo venire vomito vedere quello racchio saluto ciao,11,0.0,2,0,1,0.0028,0.0,0.037,
dire mantenere,6,0.0,1,0,0,0.001,0.0,0.0,
castaldini forse quello matta frustrato malpezzi proprio no poi dopo avere dire non ed accordo castrazione chimico pedofilo stupratore,27,0.0,4,0,5,-0.0318,0.0526,0.0075,
seppellire,1,0.0,2,0,1,0.0156,0.0,0.0,
data premio quello avere tirare macchina giocattolo quello era campo roma abusivo,19,0.0,1,0,0,-0.0851,0.0833,0.0247,
persona vergognoso inguaribile,5,0.0,2,1,0,-0.2188,0.3333,0.0,
chi avere eletta questo pagare pure,11,0.0,1,0,0,0.0,0.0,0.0,
onestamente avere cambiare canale venire vomito,8,0.0,1,0,0,0.0567,0.0,0.0213,
quanto para germania pelle nero andare ruba,11,0.0909,2,0,1,-0.03,0.0,0.0233,
schifoso topo fogna dopo finto immigrato eliminare coglione italiano come questo,15,0.8667,3,0,2,-0.2168,0.0,0.0125,
adesso non esagerare concorso andare vedere come tale,11,0.0909,3,0,2,0.0625,0.0,0.0,
non potere digerire stronzo stare sempre stomaco fantocce messe dire solo cazzata ormai essere abituare essere ritornello ripetere sempre spappagallo governo manca solo trespolo,38,0.0,5,1,3,-0.0744,0.0417,0.0113,
non capire conduttore invitare gente nessuno puo vedere essere caso interesse qualcuno,21,0.0,2,1,0,-0.0078,0.0,0.0,
andare battere,5,0.0,1,0,0,0.0355,0.0,0.0,
coso asilo essere pieno roma andare cagare,11,0.0,1,0,1,-0.0492,0.1429,0.0476,
credo sia piu idiota veneziani politico unisti soia vivo tuo momento gloria stremera presto tanto non avere nulla grande eccetto cacofonico voce sguaiato pancia trascinare stipendio mega super tecnologico palestra ignorante participio presente non apposizione non sfumare,53,0.0,7,0,10,0.0201,0.1351,0.0074,
renzi zingaro,2,0.0,2,1,0,0.0,0.0,0.0769,
castrazione lavoro forzato volere mangiare dovere mantenere spesa nostro carcere semmai questo giudice mandare,21,0.0,4,2,2,0.0269,0.0,0.0,
quanto essere questo cambio canale essere arrogante non fare parlare nessuno questo fastidio pertanto non vedere quinta colonna ok,23,0.0,3,0,2,-0.0211,0.0,0.0,
quando caricare dovere riportare dove essere venuto,10,0.0,1,0,0,0.0098,0.0,0.0,
nessuna sinistra bisogna castrare chimicamente modo non inquinare resto mondo globe_showing_Europe-Africa ,17,0.0,2,0,1,-0.0339,0.0,0.0,
,1,0.0,1,0,0,0,0,
questo comunista come avere ridotto,6,0.0,1,0,0,0.0332,0.0,0.0,
digeribile come cozza andare male,7,0.0,2,1,0,-0.0208,0.0,0.0,
assolutamente no antipatico rompere balla,6,0.0,1,0,0,0.1738,0.0,0.0488,
malpezzi questo stomaco malto,6,0.0,2,0,2,-0.0026,0.25,0.0,
mamma mio bastare sentire capire essere ridotto coso,11,0.0,1,0,0,0.0629,0.0,0.0,
ecco dove sbaglio,3,0.6667,2,1,0,-0.6526,0.0,0.0,
cantante fende orsu non esagerare,5,0.0,3,1,2,-0.0781,0.2,0.0,
in quando qualche figlia qualche parlamentare non verra stuprare,10,0.0,1,0,0,0.0,0.1111,0.0,
fare piu schifo italiano essere difendere quello gentaglia essere non avere proprio bisogno difesa,22,0.9091,3,0,2,-0.0006,0.0,0.0204,
sgorbio umano,4,0.0,2,1,0,-0.1523,0.0,0.0,
castrazione chimico subito,2,0.0,2,0,2,-0.0521,0.0,0.0,
quello non dire altro parola prova chiedere come mai non mandare fare carcere casa come mai non fare questo cosa romania altrimenti altro castrazione grande paolo,40,0.025,4,3,3,0.0188,0.0,0.0062,
legge nostro me diretto fare capire gente cosa bisogna fare,13,0.0,3,0,2,0.0207,0.1,0.0,
no odioso smiling_face_with_horns ,2,0.0,2,0,2,0.3233,0.0,0.1111,
cazzata dire non contare,7,0.0,2,1,0,-0.0465,0.0,0.0,
odioso venire vomitare quando vedere,8,0.0,2,1,0,-0.0916,0.0,0.0278,
matteo zittire questo giacca bianca pensare po pure donna dire parte mio andare fare pasta fagiolo sicuramente sbagliare pure quello pensare,35,0.0,2,0,1,0.0014,0.0,0.0,
stare primo personalizzare referendum avere proprio faccia culo,16,0.0625,3,2,0,-0.0,0.0,0.0159,
italia andare prelevare africano settimana lamentare stupro,15,0.0,1,0,0,-0.0402,0.0,0.0169,
omino senza palla,3,1.0,1,0,0,-0.1042,0.0,0.0588,
salvini essere vostro mano,5,0.0,2,0,1,0.1328,-0.25,0.0,
prendere malto ormai non resta questo politica sterile inconcludente soprattutto indecente matteo combattere,16,0.0,4,0,5,0.0469,0.0769,0.0093,
naturalmente tutto cazzata,3,0.0,1,0,0,-0.1667,0.0,0.0385,
vergogna povero italia,4,0.0,1,0,0,-0.3444,0.0,0.0,
fare schifo,2,0.0,1,0,0,-0.0352,0.0,0.0909,
avere ragione salvini essere piu antipatico inguaribile non fata piu vedere,14,0.7143,4,3,1,0.0734,0.0,0.0,
,1,0.0,1,0,0,0,0,
dovere tu fare cosa pagare piu nulla dovere avere centesimo poi fare togliere tu casa tanto tassa pagare servire creare lavoro miglioria paese servire mantenere vitalizio rivoluzione stare spremere come limone togliere subito vitalizio recuperare soldo dare avere pensionato isolato introdurre sussidio giovane utilizzare nostro soldo lavoro fare gente impiccare,80,0.0,8,2,15,0.0046,0.04,0.0,
castaldini suo piccolo quasi accettabile malpezzi odioso massimo,14,0.0,2,0,2,0.0033,0.0,0.0156,
non novita primo avere fatto propugnata puro gay quello finto omosessuale ed ora fare propaganda anti russia questo motivo cui non guardare primo non guardero mai,33,0.0,3,0,4,-0.0684,0.0769,0.0123,
no questo non guardo piu quinta colonna fare vomitare,11,0.0,1,0,0,0.0156,0.0,0.0189,
figurone essere questo dama quanto stazzate dire quando aprire bocca,14,0.0,3,3,1,-0.0321,0.2,0.0,
dittatore ridicolo,2,0.0,2,1,0,-0.0625,0.0,0.0,
usare forbice,4,0.0,1,0,0,0.0195,0.0,0.0,
altro melos sibilate quanto cazzata dire,8,0.25,1,0,0,0.0417,0.3333,0.025,
bordello prendere mazzo ora,8,0.0,1,0,0,-0.0104,0.0,0.0,
bah bah bah bah bah ridere chi credere,10,0.9,2,0,1,0.0206,0.625,0.0,
rotta mondezzai,4,0.0,1,0,0,0.0156,0.5,0.0,
vomitevole,1,0.0,2,1,0,0,0.0,0.0,
no nessun motti pesante,6,0.0,2,0,2,0.0052,0.5,0.0,
bravo matteo condividere pienamente,5,0.0,3,2,0,0.1755,0.0,0.0,
no odio,4,0.0,3,2,0,0.375,0.0,0.0,
bastare bastare bastare,4,0.0,2,1,0,-0.0938,0.0,0.0,
polizia carabiniere lasciare pace ragazzo sound non quello padre tobia centro sociale forse qualcuno pensare paio volta primo delinquere come insegna pdf,36,0.0,2,1,2,0.0119,0.0909,0.0,
andare zappare,3,0.0,2,1,0,0.0625,0.0,0.0,
volere svuotare stomaco intestare ascolto questo secondo vomito dissenteria propulsivo arrivare immediatamente,21,0.0,1,0,3,-0.0703,0.0833,0.0091,
bastare essere stanco questo continuo scarico africano analfabeta delinquente forza dovere organizzare manifestazione protesta,20,0.0,5,4,0,-0.0458,0.0,0.0159,
bravo bravo,4,0.0,3,2,0,0.3353,0.0,0.0,
cambio canale,2,0.0,1,0,0,0.0017,0.0,0.0,
proprio no discorso risposta studiare sempre contro italiano dovere andare africo ed insegnare dottrina laggiu,19,0.0526,3,2,1,0.027,0.0,0.0,
debbo come fa invitare castaldo chi semplice consigliere comunale cd guardare caso attaccare solo centro destra volere vitalita pieno clandestino quanto guadagnare tutto questo trasmissione televisivo,41,0.0,2,0,1,0.0273,0.0769,0.0,
chi sapere dove arrivare malpezzi personaggio squallido italiano bugiardo come fa guardare specchio tutto bugia,23,0.0,2,1,0,-0.0188,0.0667,0.018,
questo zecca andare deportato,4,0.0,2,0,1,0.026,0.0,0.0345,
carita essere insopportabile,4,0.0,2,0,1,-0.0234,0.0,0.0357,
questo zingaro maledetto altro ruspa,7,0.0,3,0,2,-0.0625,0.0,0.0278,
stasera avere capire italiano nostro nazione essere ospite,14,0.0,2,0,2,0.0383,0.0,0.0,
tutto essere tenerle schiaffo due,12,0.0,1,0,0,0.0,0.2,0.0,
gente non avere mai combinare cazzo vita vendere padre madre qualche minuto notorieta squallore,25,0.0,3,0,2,-0.073,0.0,0.0105,
dire spedire casa,7,0.0,2,0,1,0.002,0.0,0.0,
terrieri situazione non volere piu roma nero musulmano clandestino delinquente stupratore,16,0.25,1,0,0,0.022,0.1818,0.0449,
stupire invitare questo trasmissione personaggio stimi,10,0.0,1,0,0,0.0117,0.1667,0.0,
fare scomparire pdf voto forza matteo salvini,10,0.8,1,0,0,-0.0465,0.0,0.0,
polso duro tutto,4,0.0,2,0,1,-0.15,0.0,0.0,
renzi dovere fare fuori subito sapere come fa fare italia questo distruggere giorno giorno grazia renzi,26,0.0,2,0,3,0.0202,0.0,0.0,
odioso entrambi appena aprire bocca iniziare sparare cavolate angry_face ,8,0.125,2,1,1,-0.141,0.0,0.0,
brutto troia,2,0.0,1,0,0,-0.3711,0.0,0.0833,
sei primo indagare sei nessuno ansare sei solo demente donna capra anti costituzionale,23,0.0,1,0,3,-0.0444,0.0,0.0233,
saputello antipatico non digeribile bicarbonato tanno sempre tivu quando lavorare,12,0.0833,6,2,4,-0.0723,0.2,0.0,
chi digerire nemmeno fachiro odioso maniera stratosferico,9,0.1111,4,4,0,0.101,0.0,0.0175,
dovere andare via brava tanche,6,0.0,3,2,0,-0.0208,0.2,0.0,
detestare avere voce coso stridulo essere arrogante brava solo palla,14,0.0,2,1,0,0.1327,0.0,0.0147,
mare senza problema dieta perfetta,11,0.0909,2,0,1,-0.1055,0.0,0.0,
come mai meta italia tribunale minore assistente sociale essere piu attivo,15,0.0,2,1,0,-0.0624,0.0,0.0,
come donna racchio voce odioso,8,0.0,1,0,0,-0.1076,0.0,0.0667,
castaldini poverina non sapere mai pesce prendere dire sempre stesso cosa resto bologna fare tagliatella vitellini peccato essere carina,30,0.0,5,0,4,0.0133,0.1053,0.0,
essere peggio gustarla fare cagare veramente consiglio chi soffrire stitichezza,16,0.0,3,2,0,-0.0762,0.1,0.0127,
tipico sex ormai trattare scemo,10,0.2,2,0,1,0.1035,0.2,0.0323,
pesante non sapere chi peggio,9,0.0,3,2,0,0.1044,0.0,0.0,
schifo vergone essere italiano,7,0.0,1,0,0,-0.1927,0.25,0.0,
aspettare maranello poi forca trafiggere tutto piduisti,9,0.8889,2,0,2,0.0156,0.2857,0.0,
essere insopportabile quello dire non appartenere vita cittadino italiano trovare ad affrontare voce essere fastidioso ascoltare,27,0.0,2,0,2,-0.0617,0.0,0.0078,
non pago tu luce guardare stupidata lava altro scervello,13,0.0,3,2,4,0.0788,0.2222,0.0,
rottamare politicamente come altro,6,0.0,1,0,0,0.0417,0.0,0.0,
voce questo gente dire male essere italiano,16,0.0,1,0,0,-0.1231,0.0,0.0,
malpezzi aria milonga vedere benissimo gang bang,11,0.0,1,0,2,0.0449,0.1429,0.0,
vomito mangiapane tradimento ovvio tenere pdf altrimenti cosa andare fare,15,0.0667,4,3,0,0.0833,0.1,0.0,
avere dna crimine sporcizia intanto danno casa popolare pagare nostro tassa italiano dormire strada se fortunato possedere macchina potere dormire altrimenti sotto ponte tanto,42,0.0,2,1,1,0.0398,0.0,0.0,
essere arpia ignorante,4,0.0,1,0,0,-0.2734,0.0,0.0455,
dire domani mattina andare ruspa buttare tutto giu tenere quello baracca fare storia quello ubriacone via casa,31,0.0,4,0,3,0.0039,0.0,0.0,
entrambi mettere gabbia leone affamare urtare solo vedere questo,18,0.0,3,0,2,0.0033,0.0,0.0,
difendere diritto italiano immigrato avere rotto ormai essere diventare intollerante razzista piu mai tutto diritto non volere piu,29,0.0,6,0,5,-0.0623,0.0,0.0077,
no essere brava persona cosa stare dire essere risorsa nostro paese sporcare rubare non fare oca zoo mattina sera essere fondamentale altrimenti criminalita come andare avanti,28,0.0,7,0,11,-0.0119,0.0769,0.0114,
assolutamente no,2,0.0,1,0,0,0.375,0.0,0.0,
no odioso,2,0.0,1,0,0,0.3233,0.0,0.1111,
malpezzi meglio stia zitto dovere vergone difendere sequela gentaglia non solo castrazione pene severo,21,0.0,1,0,0,0.1094,0.1429,0.0098,
donna non avere idea realta cui vivere cittadino autoctono comprendere librandoti,16,0.0,2,0,1,0.0231,0.0909,0.0,
schifo vomito,5,0.0,2,1,0,-0.2671,0.0,0.0769,
ruspare tutto,2,1.0,1,0,0,0.0039,0.0,0.0,
salvini libero vitalita questo ladro delinquenza,8,0.0,1,0,0,-0.043,0.0,0.0208,
sperare italiano votare no coso togliere mezzo questo cancro renzi questo uccidere tutto abbasso renzi tutto sinistra marcia corrotta terrorista forza salvini destra,34,1.0,1,0,0,0.0025,-0.0435,0.0,
femminista dove essere,5,0.2,2,1,0,0.0,0.0,0.0,
no prendere fondello italiano prendere nostro soldo italiano dare,19,0.0,1,0,0,-0.0127,0.0,0.0,
sentire blaterare cagare pazzesco,6,0.3333,2,0,1,-0.0713,0.0,0.0303,
qua fregare casa perdere tempo parlare diritto civile,16,0.9375,1,0,0,0.0003,0.0,0.0,
lager lager lager lager lager lager lager,7,0.0,1,0,0,-0.0266,0.0,0.0,
favore mandare lavare piatto casa stupido,12,0.0,1,0,0,-0.026,0.0,0.0244,
civetta trottera non essere ed accordo ma essere veramente donna como pure lantanide taglione meno,22,0.0,1,0,0,0.0098,0.3333,0.0,
imbecille orecchino spacciare mediatore roma roba matto parlare cretino pdf parlare ed integrazione portale casa tuo cretino,26,0.0,5,2,2,-0.0281,0.1765,0.0161,
favore rendere conto cazzata dire,11,0.0,2,1,0,0.0167,0.0,0.0303,
lasciare passerella ragionamento fare essere bumerang,11,0.1818,3,2,3,0.002,0.1667,0.0,
matteo vergogna pensare saluto,10,0.0,3,1,1,-0.0664,0.0,0.0,
matteo eccola risolvere tutto problema,7,0.0,2,1,0,0.0,0.0,0.0,
non digerire,3,0.0,1,0,0,0.0332,0.0,0.0,
oggi avere sentire bocca renzi dire non capire italiano non essere accorgere pagano meno tassa rendere conto quello dire questo mentecatto chi votare votera ora nessuno avere votare stare decidere spendere nostro soldo regalare tutto quello stare invadere tutto uomo italia pensare stare invadere mantenere pure,72,0.0,3,0,2,-0.0234,0.0,0.0032,
tolleranza zero bastare,3,0.0,2,1,0,0.0938,0.0,0.0,
ovviamente bisognera votare no possibile rimorso votare no referendum sara quello allineare decretati estremo sinistra popo anticomunista scazzavi no goal villini,34,0.0588,3,2,1,0.0376,0.2857,0.0,
corso difesa personale gratuito donna uomo aumentare possibilita difesa intervento,19,0.0526,1,0,0,-0.0522,0.0,0.0,
voto no riforma votare solo pdf cd verdiano leccia non sentire ignorante realista poi ricordare questo riforma fatta governo non eleggere popolo ministro mollusco losco bosco affare anticostituzionale poco,40,0.0,4,1,8,-0.0165,0.1379,0.0098,
piu tosto spegnere tivu,5,0.0,1,0,0,0.0312,0.25,0.0,
cagare,2,0.0,2,1,0,-0.4258,0.0,0.0,
puttanata,1,0.0,1,0,0,-0.2656,0.0,0.0,
donna non picchiare fiore proprio tutto non puo fare qualche eccezione,16,0.0,5,2,9,0.0168,0.0,0.0,
pescatore prendere tutto quello essere governo buttare mare peso attaccare gamba,17,0.0,1,0,1,-0.0081,0.0,0.0,
no odioso malpezzi come tutto veneziani castaldini lasciare stare,13,0.0,1,0,0,0.0768,0.1111,0.0154,
no essere insopportabile prendere schiaffo,5,0.0,4,0,5,0.0937,0.0,0.0238,
quando essere questo scemo cambiare canale non capire invitare snebbio intanto opinione equivalere zero,25,0.0,1,0,2,0.0254,0.0714,0.0097,
liberare questo clandestino avere strada pieno fuori tutto,10,0.0,1,0,0,-0.0187,0.0,0.0,
governo traditore vendere suo elettore,6,0.0,3,0,3,0.0005,0.0,0.0,
odioso tutto starnazzare,8,0.0,4,3,0,-0.0625,0.0,0.0,
fare venire vomitare bouquet ,6,0.0,1,0,0,0.0,0.0,0.05,
sperare no sapere cuscini sparendo essere destra chiassoso incazzo sinistra amica roma italia spazzatura,28,0.0,1,0,0,-0.0391,0.2857,0.0192,
quando vedere fare rabbrividite tale punto bloccare digestione essere veramente insopportabile venire vomitare odioso,23,0.0,2,0,1,-0.0176,0.0714,0.0256,
quanto bambino ed anziano essere malmenare primo mettere telecamera,11,0.0,2,1,0,0.043,0.0,0.0,
appena vedere cambio canale,5,0.0,1,0,0,0.0072,0.0,0.0,
scusa matteo quello muratore prendere collottola fare uscire casa mio prepotenza magari finestra potere fare,28,0.0,2,1,3,0.0009,0.0,0.0,
partecipare fare odiare meglio coso caro saluto ad entrambi,11,0.0,4,0,3,0.2031,0.0,0.0,
quando fare quello sorriso ridicolo prendere schiaffo,9,0.0,1,0,0,-0.0078,0.1429,0.0,
stupratore pedofilo nessuna pieta castrazione lavoro forzato vita,12,0.0,2,0,2,-0.0241,0.0,0.0,
becco lasciare perdere andare renzi,6,0.0,1,0,0,-0.043,0.0,0.0,
plauso ad uomo voraginoso,7,0.0,2,1,0,0.0632,0.25,0.0,
tutto questo stupratore sia italiano straniero dovere avere pene severo rovinare donna questo caso ragazzina sempre,23,0.0,2,1,4,-0.0512,0.0,0.0087,
matteo avere tramenato nuovo sigaretta poi dire non avere aumentare tassa smorto tuo,20,0.1,5,1,6,0.0644,0.1538,0.0,
truffatore scazzavo solo fregatura potere arrivare,7,0.0,2,0,1,-0.0229,0.1667,0.0,
stima grande coraggio questo ragazza violentare,8,0.0,2,0,1,0.1203,0.0,0.0,
essere zecca rossa volere fare,8,0.0,3,2,0,-0.0013,0.0,0.0333,
matteo salvini finalmente avere dire cosa quasi giusto pericolo castrazione chimico questo depravato provare piacere semplicemente imporre proprio volere donna bambino stuprare pericolo non avere piu capacitare fisico stuprare sfogare proprio frustrazione uccidere vittima soluzione migliore reintrodurre pena morte,64,0.0,5,2,5,0.0024,-0.0256,0.0,
questo famiglia albanese italianese sia non convincere vedere mattina sera tutto trasmissivo tivu fare buio porre dove non mettere piede manco armato bomba mano,42,0.0,2,0,4,-0.0195,0.125,0.0,
ambedue antipatico petulante mandare casa cucire fare maglia,14,0.0,3,0,2,-0.0618,0.0,0.0,
parola insopportabile,3,0.0,2,1,0,-0.1562,0.0,0.0476,
avere occhio arrossare avere sonno cosa,8,0.0,1,0,0,0.0854,0.0,0.0,
come diritto espressione satira non dovere avere limite sorta domani chi scegliera dove cosa mettere paletto liberta espressione satira quale corollario primo funzionare solo non essere limite no essere balia vincolo arbitrario dittatura nascere questo,58,0.0,3,1,4,0.0218,0.0,0.0,
parlare altro gallina,3,0.0,1,0,0,0.0391,0.0,0.0,
andare matteo,2,0.0,2,1,0,-0.1113,0.0,0.0,
"avere tutto mio personalizzare ed altro avere regalare tanto essere sempre piu avere sempre battuta pronto libro conoscere meglio cancellare legge tornero casa ""z	u	l	u"" immigrato non scappare nessuna guerra piu sicurezza meno tassa politico accrescere nostro popolazione andare matteo velina",60,0.0,10,1,11,0.0361,0.075,0.0,
coraggio andare tivu chissa come prendere culo fuori italia,17,0.0,1,0,0,-0.0134,0.1111,0.0169,
non sembrare giusto ostentare vicenda familiare questo disinvoltura,10,0.0,2,0,1,-0.0797,0.0,0.0,
no ogni volta dovere prendere diesel,7,0.0,1,0,0,-0.026,0.1667,0.0,
ciao chiamare vispo teresa mio parto dire persona non sapere cosa dire parlare parlare non dire nulla,28,0.0,1,0,0,-0.0037,0.0,0.0,
parlare roma naturalmente,4,0.0,1,0,0,-0.0208,0.3333,0.04,
iniettare proprio estrogeno coso puo essere calmare senno vedere crescere tetta stuprare stesso,21,0.0,1,0,0,0.0373,0.0,0.0,
mandare vaffanculo chiedere come avere fatto entrare politica motivo sapere gia,18,0.0,4,1,2,0.0213,0.0909,0.0,
no grazia,2,0.0,1,0,0,-0.2379,0.0,0.0,
caro matteo salvini dare voto quello dire tutto votero essere cazzata distruggere impresa artigiano studio settore tornero infame roma spazzare via ruspa tutto clandestino essere solo uomo sbarcare nostro mare fare ritornare suo paese abbraccio forte continuare coso votero al prossimo elezione ciao tuo fan,65,0.0,1,0,0,0.0179,0.0222,0.0065,
famiglia,2,0.0,2,0,1,0.0,0.0,0.0,
no bicarbonato mai,4,0.0,4,1,4,0.0,0.0,0.0,
altro universita gratis migrare,6,0.0,2,1,0,-0.0156,0.0,0.0,
vergogna,1,0.0,1,0,0,-0.4844,0.0,0.0,
no non digerire tanche gliele cantare,9,0.0,1,0,0,0.0059,0.1667,0.0,
ciao tutto zingaro mandare lavorare campo,11,0.0,1,0,0,0.002,0.0,0.0244,
glossario cazzo clapping_hands_medium-light_skin_tone ,3,0.0,2,1,0,0.0625,0.5,0.0667,
avere digerire non avere accendere tivu non sopportare esponente pdf,14,0.0,2,0,2,-0.0006,0.2,0.0,
essere solo parassita,4,0.0,1,0,0,-0.2188,0.0,0.0476,
ormai carcere essere premio cosa delinquente essere tale rimanere giudice svegliare grimacing_face ,12,0.0,4,6,4,0.031,0.0,0.012,
racconto donna non convincere,9,0.2222,2,0,1,-0.0186,0.0,0.0,
odioso,3,0.0,2,0,1,-0.125,0.0,0.0,
bisogna dire cosa serio lavoro non ce essere famiglia povero ce delinquenza droga trasmigrazioni essere invaso sporcizia questo dire questo cambiare cosa,30,0.0,1,0,0,0.026,0.0455,0.0,
appena avere vista avere vomitare,6,0.0,1,0,0,-0.006,0.0,0.0303,
non sopportare castaldini oca non sapere quello dire malpezzi interrompere sempre solita balla classica pdf,24,0.0417,2,1,1,0.0064,0.0667,0.0187,
giovanni tronchesine,2,0.0,1,0,0,0.0,0.5,0.0,
vivo salvini,2,0.0,1,0,0,0.0049,-0.5,0.0,
no non riuscire digerire non puo mettere insieme questo portata indigesto solo figurare coppia,24,0.0,3,2,2,0.0149,0.0,0.0,
chiedere allora avere mai pensare dare fuoco assieme tutto tuo simile partito democratico,20,0.0,2,0,1,-0.0309,0.0,0.0,
ordine cronologico ringraziare nulla facente islamico sfruttatore prossimo ed ladro mestiere sperare possa avere guaio,27,0.0,2,0,2,-0.0078,0.0,0.0085,
salvini sputare faccia,4,0.0,2,0,1,-0.0625,-0.3333,0.0,
rivoluzione bastare,3,0.0,1,0,0,0.0625,0.0,0.0,
sperare crollo,3,0.0,1,0,0,0.0195,0.0,0.0,
bocca lupo salvini parte mio non mollare dovere realizzare tutto come cristo terra,20,0.0,1,0,0,-0.0651,-0.0769,0.0,
piezo pile_of_poo ,3,0.0,1,0,0,-0.125,1.0,0.0,
essere contento avere pensione fame vergogna,11,0.0,5,2,2,-0.1113,0.0,0.0,
andare picchiata ogni volta respirare,6,0.0,2,0,1,0.0468,0.0,0.0,
castrazione galera immediatamente guardare come dopo giorno suicidiate carcere fare piazza pulito,20,0.0,1,0,1,0.0393,0.0833,0.0,
grande mio capitano,3,0.0,2,1,0,0.2227,0.0,0.0,
mandata malpezzi vivere campo roma poi vedere pensare diversamente,15,0.0,1,0,0,0.0448,0.1111,0.0152,
rivoluzione come francia,4,0.0,1,0,0,0.0312,0.0,0.0,
certo donna stare bene casa fare calzetta mediatore culturale dove uscire ruspa mandare casa,22,0.0,2,1,0,0.0282,0.0,0.0,
tagliare subito piazza quello deficiente ridonare,9,0.0,2,0,2,-0.1166,0.0,0.0204,
,1,0.0,1,0,0,0,0,
andare lavorare limacciosa chi ancora ve difendere,11,0.5455,3,1,2,-0.0345,0.1429,0.0,
mamma mio zoccola governo capire italiano questo schifoso essere contro italiano,16,0.0,4,0,4,-0.082,0.0,0.0375,
anno schifo volere vedere morte,6,0.0,1,0,0,-0.002,0.0,0.0323,
no essere pesante come peperonata,6,0.0,2,0,2,0.0078,0.0,0.0,
sbattono cittadini italiano non difendere nostro origine non difendere planirostra terra sinistri valore sperare tanto domani chi difendere tanto ritrovano dentro casa figlio unisca cosa sapere fare come suo poncio la la la,46,0.0,1,0,0,0.0268,0.303,0.0,
ruspa matteo,2,0.0,1,0,0,0.0,0.0,0.0,
proprio no odioso,3,0.0,1,0,0,-0.0727,0.0,0.0588,
piu odioso sei forte sopportare,13,0.0,1,0,0,-0.0712,0.0,0.0323,
perfetta sconosciuto popoleschi permettere nostro politonali presentare bambina senza arte parte comando grande popolo come nostro,27,0.0,2,1,0,0.0515,0.125,0.0,
tutto pecora fare montare asino,11,0.0,1,0,0,0.0274,0.0,0.0645,
fisico,1,0.0,2,1,0,0.0039,0.0,0.0,
dovere capire mattarella venire mafioso famiglia potere mano fa quello volere giusto avere sbagliare comandare,24,0.0,1,0,0,-0.0079,0.0,0.0091,
antipatico,1,0.0,1,0,0,-0.25,0.0,0.0,
molto emancipare questo troglodita finto buono,6,0.0,1,0,0,0.0273,0.0,0.0,
avere primato essere donna piu sputtavate faccia attraverso schermo televisione,16,0.0,2,0,1,-0.0,0.1,0.0,
alberto vecchia via gola,4,0.0,1,0,0,-0.0508,0.25,0.0,
non era morta castaldini,6,0.0,2,1,0,0.2603,0.0,0.0,
non avere parola solo vergogna rabbia non piu giustizia vendetta,8,0.0,2,0,5,0.0781,0.0,0.0,
detestare entrambi,2,0.0,1,0,0,-0.0312,0.0,0.0,
assolutamente no questo governo pagliaccio razzista verso italiano dovere finire essere stufo lavorare mantenere tutto questo straniero vivere al nostro spalla ora dire bastare,33,0.0303,1,0,0,0.0137,0.0,0.0057,
avere dire tutto,3,0.0,1,0,0,0.001,0.0,0.0,
paio forbice,4,0.0,1,0,0,0.0,0.0,0.0,
volere sapere buco essere uscita questo,10,0.0,2,1,1,-0.0226,0.0,0.0,
fermata digestione malpezzi castaldini prendere schiaffo,16,0.0,3,1,1,-0.0058,0.0,0.0,
malpezzi peggio lassativo vestita coso poi sembrare clown circo ridicola pettegolo,19,0.0,3,0,2,-0.0375,0.0,0.0122,
milano autista bus aggredito estintore passeggero arrestato,13,0.0,2,0,2,-0.0195,0.0,0.0,
madonna quanto odio raptus,4,0.0,2,0,2,-0.0312,0.25,0.0,
come aprire bocca venire vomitare,8,0.0,2,0,1,-0.0156,0.0,0.0303,
massima solidarieta questo ragazza proposito sicurezza ricordare quando governo berlusconi sostenere lega volere eliminare intercettazione telefonico fondamentale arrestare delinquente proteggere premier,32,0.0,2,0,6,0.0062,0.0,0.0049,
antipatico forte,3,0.0,2,0,1,-0.0096,0.0,0.0,
fare pena,3,0.0,2,1,0,-0.1679,0.0,0.0,
bravo ben dire,3,0.0,1,0,0,0.3108,0.0,0.0,
digerire questo stronzo puo digerire sasso,11,0.0,1,0,0,-0.1025,0.0,0.0238,
no faccia pazienza umato malpezzi no,9,0.0,3,0,7,-0.1875,0.1667,0.0,
dovere essere mere,6,0.0,1,0,1,0.0,0.3333,0.0,
zecca governo rosso possa dio rimandare riluce,8,0.0,3,1,2,-0.0586,0.1429,0.0,
quello avere faccia culo,6,0.0,1,0,0,-0.0001,0.0,0.0417,
non successo nulla strano stare solo integrare,10,0.0,2,0,2,0.0059,0.0,0.0,
questo essere donna grande solidarieta,6,0.0,2,0,2,0.0859,0.0,0.0,
matteo salvini quanto marcio sopra terrorismo sul rimbecilli capire essere tanto straniero terrorizzare idiota questo pretesto trovare meschino in conto bastare guardare tuo faccia sfalso,38,0.0263,2,0,4,-0.0759,0.1154,0.0107,
continuare ad invitare questo demente,8,0.0,2,1,0,-0.0573,0.0,0.027,
matteo quando parlare piano allergie,7,0.0,2,1,0,-0.0234,0.2,0.0,
essere cagare,3,0.0,1,0,0,-0.125,0.0,0.0769,
grande signore moglie titolare bar rapinato fine salutare matteo salvini tanche ignorare malpezzi castaldini fosso non presentare mai piu tivu questo avere faccia come culo,43,0.0233,3,0,2,-0.017,0.04,0.0058,
solo vedere venire vomitare,7,0.0,1,0,0,0.0064,0.0,0.037,
finire fare microfono cane porco volere vedere paese fare stesso opportunita qui bisogna agire bastare,27,0.0,3,2,1,0.0208,0.0,0.0196,
non sei piu padrone sembrare giusto persona non puo uscire tranquillo stare scherzare,17,0.0,4,2,1,-0.0271,0.0,0.0,
 thumbs_up ,1,0.0,1,0,0,0,0,
come potere risolvere problema lavoratore pensionato disoccupato parlamento no andare dovere andare al trasmissione televisivo parlare aria friggere fare provare lavorare seriamente come tanto brava persona faticare portare casa stipendio sudare,50,0.0,3,1,4,-0.0543,0.0,0.0,
quello offesa xantiche lunedi roma avere denunciare prova evidente mandare subito suo paese questo momento giusto fare no capire questo atteggiamento questo gente sicuro troppo bastare parola fatto fatto,46,0.0435,2,1,0,0.0248,0.1034,0.0049,
non ce potere fare sopportare questo gallina,10,0.0,2,1,0,-0.026,0.0,0.0,
no insopportabile saccente maestrina,4,0.0,2,0,2,0.1042,0.0,0.0833,
matteo sud amare,6,0.0,2,1,0,0,0.0,0.0,
burocrate succhiavate,1,0.0,2,0,2,0.0,0.5,0.0,
bastare vedere faccia vomito vendere arrogante bugiardo bruttare,15,0.0,5,0,4,-0.1311,0.125,0.0312,
grande matteo,2,0.0,2,0,1,0.1289,0.0,0.0,
povero paolo gia questo spaccare matronei amputare andare proprio cercare,19,0.0,2,0,1,-0.0549,0.1,0.0,
essere babbione difendere sempre roma delinquente fare castrazione cervello coso smettere sparare cazzata,23,0.0,5,3,1,-0.0129,0.0769,0.0381,
schifo essere arrivare proprio frutta questo taccia oltre stare casa nostro gratis permettere insulare persona questo modo tivu stare italia sapere nessuno fa niente potere andare giro rubare uccidere violentare senza nessuno faccia niente rendere conto ormai italiano essere diventare ospite casa nostro,65,0.0,7,4,6,-0.0122,0.0465,0.0033,
ghigliottina volere chi stuprare questo pezza mi sinistrato certezza pena giudice ormai essere tutto sputtanate contro italiano favore delinquente,34,0.2059,5,2,4,0.014,0.1053,0.0068,
quale chimico castrare,6,0.0,3,3,0,-0.0469,0.0,0.0,
no non sapere chi piu antipatico,10,0.0,1,0,0,0.1159,0.0,0.0,
buttare fuori,2,0.0,1,0,0,-0.012,0.0,0.0,
vino tu vita,4,0.0,1,0,0,0.207,0.6667,0.0,
chiama imbianchino immigrato picchiare occupare casa donna malata tiene stare tacitata suo casa immigrato cui avere chiedere imbiancare parete polizia non puo cacciare giuseppe lorenzo mensoloni meno giornale,47,0.0213,2,0,2,-0.0316,0.1667,0.0,
andrea argentiere,2,0.0,1,0,0,0,0.0,0.0,
ap,1,0.0,2,0,1,0.0337,1.0,0.0,
chiedere debbio male avere fatto invitare sempre quello ormai forza sentire parlare avere ulcera,23,0.0,1,0,0,-0.0303,0.0714,0.0,
soluzione solo bastare sinistra governo,9,0.0,1,0,1,-0.0635,0.0,0.0,
no nessuna essere proprio indigesto poi avere notare quello pdf come curare immagine chi veste truccare meglio fare caso come essere primo come essere oggi difendere solo interesse nostro non glia fregare meno,48,0.0208,6,1,5,0.045,0.0588,0.0,
credo storia insegnare riflettere senza essere tracciavi,10,0.0,2,0,2,0.0285,0.1429,0.0,
grande zia vaffanculo moncherini,6,0.0,2,1,0,0.0645,0.75,0.0,
schifo governo pagare non fa nulla essere senza parola,14,0.0,1,0,0,0.0437,0.0,0.0,
malata,2,0.5,1,0,0,-0.6328,0.0,0.0,
satira bastare,4,0.25,1,0,0,0.0312,0.0,0.0,
questo malpezzi castaldini non rendere conto italiano non sopportare quanto essere inutile ridicola questo sorrisetto demente povero kris avere votato questo debbio favore volere potere seguire tuo trasmissione senza questo vomitevole intervento evitare favore grazia,54,0.0,7,0,6,0.0222,0.0571,0.0037,
rispettare infermiere,1,0.0,1,0,0,0.2446,0.0,0.0,
fernet branca,5,0.0,2,0,1,-0.0098,0.0,0.0,
finca non riuscira guarire stupidire demenza sinistrato amico barbaro delinquente fare padrone,22,0.0,2,0,1,0.0284,0.0,0.0213,
fata stare zitto questo non potere sentire,9,0.0,2,0,1,-0.0104,0.0,0.0,
malpezzi contrario castrazione chimico volere certezza pene piu pena,17,0.0588,2,0,1,-0.0218,0.0,0.0,
mancare cagare medioevo,5,0.0,1,0,0,-0.1753,0.0,0.0435,
no non sopportare non potere piu sentire persevering_face ,10,0.0,4,2,1,-0.0323,0.0,0.0,
matteo salvini castrazione,5,0.4,2,0,1,0.0,-0.3333,0.0,
comunque ruspa governo pdf,5,0.0,2,0,1,-0.0488,0.25,0.0,
tappare bocca malpezzi pensare matteo questo dire po cavolate,15,0.0,1,0,0,-0.0045,0.0,0.0,
manca scogliono librandi mirandi come cacchio chiama quello pover uomo,14,0.0,2,0,1,-0.0293,0.2,0.0143,
non avere capire riforma senato unione civile sterchi option modo impedire fare fiorire vostro proposta rendere gratuito asilo nido soprattutto francia unione civile sterchi option essere gia realta tempo forse primo gratuito asilo nido testina,55,0.0182,6,3,6,-0.0037,0.1143,0.0,
renzi fare veramente schifo saio quello dito dove dovere mettere,12,0.9167,2,3,0,0.0938,0.0,0.0156,
insopportabile vivere italia,6,0.0,3,2,0,-0.1042,0.0,0.0,
fare schifo fare vomitare,4,0.0,2,0,2,0.0,0.0,0.08,
marco rovini troll pagare mafia capitale,7,0.0,1,0,0,0.0,0.3333,0.025,
umanizziamo bruciare qualcuno vedere khmer gambiera cosa,9,0.0,1,0,0,-0.0038,0.5714,0.0,
volere molto citrina,5,0.0,2,1,0,0.0625,0.3333,0.0,
gatta attaccato matronei,5,0.0,1,0,0,-0.0339,0.3333,0.0,
come sei governo questo lurido rammaglia dovere fare sparire,11,0.0,1,0,0,-0.2031,0.1111,0.0,
quanto cazzata solo serata,6,0.0,2,0,1,-0.082,0.0,0.0385,
rendere conto chi governare donna dovere essere ripresentato coso,15,0.0667,3,2,0,0.0141,0.1111,0.0,
sembrare uscita museo cera povero italia mettere lavoro forzato prego falla stare zitto,18,0.0,1,0,0,-0.0229,0.0,0.0,
nostro governante essere senza vergogna chissa giorno popolo italiano ribellera,16,0.0,2,1,1,0.0,0.0,0.0,
no,2,0.5,2,1,0,0,0.0,0.0,
castrazione chi difendere,6,0.0,2,0,1,-0.0137,0.0,0.0,
grande capitano,2,0.0,1,0,0,0.1289,0.0,0.0,
impossibile digerire ambedue,3,1.0,1,0,0,-0.165,0.0,0.0,
non piu scampo rimetti tanto dieta fuori,8,0.0,1,0,0,0.0195,0.1429,0.0,
vista tivu cambio canale non sfascio prendere cosa avere fatto essere coso importante solo presenza si salvini sopportare non centrare partito propio signore,36,0.0,2,0,1,0.024,0.087,0.0,
quando essere sgoverno non avere fatto questo legge,12,0.0,2,1,0,-0.0049,0.125,0.0,
no no no no no no no coso voto quello teste cazzo pensare votare,20,0.9,2,0,1,-0.0371,0.0,0.0156,
malva,1,0.0,1,0,0,0,1.0,0.0,
finca non venire stuprare moglie figlia mamma nipote sorella chi questo governo dovere fare legge,25,0.0,1,0,3,0.0497,0.0,0.0,
vedere manca maschio votero ora andare trafugati,14,0.0,1,0,0,-0.0109,0.1429,0.0,
malari quando servire non essere mai,8,0.0,3,0,2,-0.111,0.1667,0.0,
troppo forte matteo,4,0.75,1,0,0,0.0529,0.0,0.0,
lasciare insultare matteo salvini quello sapere fare oltre rubare stuprare ragazza essere votero schifo,18,0.0,4,1,4,0.0026,-0.0714,0.0194,
quando vedere sentire giro canale fare incazzare stupidaggine dire sembrare vivere altro realta,23,0.0,2,0,3,-0.0504,0.0,0.0211,
veramente fabbrica dovere andare tutto ladrone tenere governo fare provare cosa significare guadagnare stipendio,21,1.0,1,0,0,0.0578,0.0,0.0089,
caccia bombardiere,2,0.0,1,0,0,0.0,0.0,0.0,
becco chi scrivere quanto commento positivo vedere boh complimento,7,0.0,4,3,4,0.0559,0.1111,0.0,
sinistrorsi avere rotto palla vedere fare cosa superficiale fuori palla fabbrica delinquenza poverta volere diritto sicurezza,26,0.0385,3,1,3,-0.0102,0.0625,0.016,
fa ridere occhio,7,0.1429,1,0,0,0.0,0.0,0.0,
ciao matteo lavoro supermercato fare servizio sorveglianza oltre andare quello fare rubare senza alcun ritegno tutto volta fermo ridonare faccia dire tanto potere fare quello volere nessuno fa niente prendere giro italiano,53,0.0,1,0,3,-0.0313,0.0,0.0045,
mandare casa questo sciagurato esiliare tutto il centro sinistrato magari mongolia cina dove ancora vigere condanna morte come traditore patria,30,0.0333,2,1,1,-0.0724,0.0476,0.007,
in quando non tocchera figlia allora qualcosa fara ciao matteo,14,0.0,2,0,1,-0.003,0.1,0.0,
ok bicarbonato fare ancora fatica,8,0.0,2,1,0,-0.0328,0.2,0.0,
comunista,1,0.0,1,0,0,-0.0625,0.0,0.0,
mantenuta autorizzare,2,0.0,1,0,0,-0.2344,0.0,0.0,
aprire no renzi vaffanculo andare africo,13,0.0,2,0,1,-0.0585,0.1667,0.0,
poco roma posta cena,9,0.0,3,1,1,0.0,0.25,0.05,
,1,0.0,1,0,0,0,0,
castaldini incapace,2,0.0,3,1,2,0.0,0.0,0.0526,
ruspa matteo,2,0.5,2,1,0,0.0,0.0,0.0,
avere perdere parola stasera delusione,6,0.0,3,1,1,-0.2065,0.0,0.0,
peggio lassativo,4,0.0,1,0,0,-0.2672,0.0,0.0,
questo bastardo cosa dovere ancora combinare stare rovinare giorno giorno ora qualcuno muovere pesantemente questo non sapere cosa fare maledetto,25,0.0,2,0,4,-0.0587,0.0,0.0069,
fare stesso trattamento no,8,0.0,2,1,0,-0.2031,0.0,0.0,
concordare solo fare rispettare legge certezza pena essere ottimo inizio,17,0.0,2,1,0,0.1157,0.0,0.0,
avere gia vomitare diverso volta nauseare malpezzi poi dare po flit doto,17,0.9412,2,0,1,0.0008,0.0833,0.0139,
sgrano pirla sei chi paga tutto spesa storta,11,0.0,3,2,0,0.0693,0.25,0.0227,
colonna terribile quello questo dire ragazza,8,0.125,3,1,2,-0.1509,0.0,0.0,
ancora commentare non fare rivoluzione dare italia mano straniera addio nostro bandiera renzi avere vendere ancora fare coglione anziche battere leone nostro nonno stare rivoltare tomba stare fermo,49,0.0,1,0,1,-0.0033,0.0,0.0051,
castrazione chimico molto ruspa,5,0.0,2,1,0,0.0,0.0,0.0,
essere stare bestia non tutto essere coso comunque castrazione chimico,12,0.0,2,0,2,0.0016,0.0,0.0143,
schifo restare impunito,4,0.0,3,1,1,-0.0417,0.0,0.0,
venire schifo guardare sentire quello non puo piu preveniste,16,0.0,6,0,5,-0.2292,0.1111,0.0167,
malpezzi questo esprimere tutto suo deficienza avere capire malpezzi ruspa andare usare questo governo fantoccio poi campo zingaro ruspa primo governo poi campo,37,0.0,2,1,2,0.0104,0.0,0.0063,
impiccare studio,3,0.0,1,0,0,0.0,0.0,0.0,
cominciare intanto mandare casa questo bastardo altro cittadino europeo melanofori palla,17,0.1765,1,0,1,-0.0499,0.0909,0.0227,
budda matri beaming_face_with_smiling_eyes ,2,0.0,2,2,0,0.2656,0.5,0.0,
 bomb ,1,0.0,1,0,0,0,0,
matteo schifo,3,0.0,2,0,1,0,0.0,0.0769,
andare cagare,3,0.0,2,1,0,-0.0137,0.0,0.0769,
no ecco questo dedicare,7,0.0,3,1,1,-0.4375,0.0,0.0,
quanto fatica fregare italiano agevolare clandestino,10,0.9,2,0,1,0.0156,0.0,0.0,
sgrano pezzo mordacchia,5,0.0,1,0,0,0.086,0.6667,0.0,
no essere cretino estate mandare quello paese parte mio,14,0.0,1,0,2,0.0121,0.0,0.0182,
brava complimento vallo raccontare chi non avere mangiare vergogna,11,0.0,2,0,2,0.2264,0.0,0.0,
matteo intervenire,2,0.0,3,0,2,0.0,0.0,0.0,
matteo dovere promettere questo infame presto pagare caro quello stare fare nostro paese sodo rubare tutto pdf alfano,31,0.0323,1,0,1,-0.0328,0.0556,0.0085,
stare zitto sei sempre stare quello non vedere non sentire non parlare adesso successo avere imporre dire questo cazzata vergogna essere votero traditore patria italiano,29,0.0,4,2,7,-0.0538,0.0,0.0059,
roma merda,3,0.0,1,0,0,0.0547,0.5,0.0,
,1,0.0,1,0,0,0,0,
questo indeiscente cazzo dire falla tacere non porta casa suo,17,0.0,1,0,0,0.0379,0.2,0.0164,
digerire traditore come digerire questo,10,0.0,2,0,2,-0.0221,0.0,0.0,
quando mai roma anno lavorare sapere solo rubare bah raccontare solo balla difendere solo roma mussulmano cornacchia,22,0.0,1,0,0,-0.0335,0.1765,0.0259,
quello sconosciuto undici questo palla nessuno uguale niente governo grazia destra suo partito chiama nuovo centro destra virare tutto sex questo punto amare piu poltrona colore politico,43,0.0,1,0,8,0.0216,0.0741,0.0054,
ruspa dopo ruspa rispedire tutto rompere palla casa questo porco ladro,20,0.9,3,1,1,-0.0033,0.0,0.0571,
insopportabile vedere questo momento immorale davanti quello povero ragazza violentare vergogna,14,0.0,3,1,1,-0.2125,0.0,0.0105,
tenere vita artificialmente,5,0.2,2,1,0,-0.104,0.0,0.0,
quando volere ripulire do mimetico venire insieme primo linea sara solo differenza prendere coso fata frocio culo altro,35,0.0,1,0,0,-0.0036,0.0,0.0168,
becco limitare,2,0.0,2,0,1,-0.0098,0.0,0.0,
spicchino subito,4,0.0,1,0,0,-0.0776,0.5,0.0,
dittatura,1,0.0,2,0,1,-0.25,0.0,0.0,
eccola castaldini cosa dire,6,0.0,2,1,1,0.0312,0.0,0.0,
subito,1,0.0,1,0,0,-0.1562,0.0,0.0,
no odioso,2,0.0,1,0,0,0.3233,0.0,0.1111,
no non sopportare volere sapere come fare ad essere po colpa do debbio piacere rovinare serata invitare,29,0.0,2,0,3,-0.1048,0.0588,0.0,
matteo mandare via tutto essere,7,0.0,1,0,0,0.0,0.0,0.0,
zoccola,2,0.0,2,0,1,0,0.0,0.0,
veramente demente votero senso parola,8,0.0,2,0,1,0.0898,0.0,0.027,
convenire fare simpatico avere vedere mano avere come una coscia mio jet una sberla senso antiorario salvini sveglia repubblica serenissima tuello uso come zerbino,37,0.027,4,1,3,0.0521,0.125,0.0,
tocchera popolo mandare casa questo maiale infame vedere politico non essere grado fare riparlare ottobre,26,0.0,3,0,3,-0.05,0.0,0.0095,
zingaro adesso comandare andare no campo roma avere prendere troppo piede governo piu permettere fare me cazzo volere avere permesso vivere me piu para pace illegalita piu assoluto,48,0.0417,9,4,7,0.0387,0.1071,0.0111,
ridicola tutto,4,0.0,1,0,0,-0.0625,0.0,0.0,
cura sound,4,0.0,1,0,0,0.1074,0.5,0.0,
castrazione chi governo non fa legge tutelare donna bambino,14,0.0,1,0,0,0.0557,0.0,0.0,
zingaro immigrato fare piu soldo droga,12,0.0,2,0,1,-0.0125,0.0,0.0,
bisogna tagliare palla chi stuprare fa ancora poi tagliare altro vedere coso come passo voglia stuprare questo legge,28,0.0,2,1,0,0.0078,0.0,0.0086,
paolo quando essere questo persona cambio canale fare venire vomito volere guardare tivu non invitare quello persona irritante grazia,27,0.0,1,0,0,-0.0031,0.0526,0.015,
essere insopportabile vivere violetta rosa pensare italiano essere tutto indeiscenti,13,0.0,1,0,0,0.0009,0.2,0.0119,
fare venire vomito,5,0.0,1,0,0,-0.0156,0.0,0.0556,
essere imbarazzi quanto essere stupido oltre insopportabile antipatico,10,0.0,2,0,1,-0.4062,0.125,0.0286,
essere donna non sopportare antipatico odioso,8,0.0,2,0,3,0.1602,0.0,0.0222,
quello sia malpezzi castaldini dovere violentare invece quello povero ragazza grande matteo salvini sei governare mandare via quello schifoso roma fare legge castrazione donna non toccare bambino vedere trasmissione ieri venire tragettare vedere quello pdf schifoso quello educatore mandare via italia,67,0.0149,2,0,1,0.0015,0.0488,0.01,
sapere cd novembre votare essere garantire solo porre ad alfano,18,0.9444,2,1,0,0.0052,0.1,0.0,
acido muriatico,2,0.0,2,0,1,-0.2109,0.0,0.0,
matteo ora poti essere impegnare gay ora pensare pene stupratore seriale improvvisare fara troppo tardi ancora troppo vittima donna armare forbice zagaglie,28,0.0,5,3,5,0.0133,0.0909,0.0129,
bastare eliminare magistratura rossa complice questo criminale,11,0.0,2,1,0,-0.0742,0.0,0.0161,
povero italia sottomettere politica aberrare andare affondata creare repubblica chiuso,16,0.0,2,0,2,-0.0529,0.0,0.0,
non contemporaneo avere pieta,6,0.0,3,2,0,0.2656,0.0,0.0,
no non potere sentire bugiardo pensare chi casa sia idiota,15,0.0,2,0,1,-0.0063,0.0,0.0345,
schifo totale,2,0.0,2,0,1,-0.0469,0.0,0.0,
bugiardo infame ritornare fare danno firenze ricordare popolo non avere eleggere sei abusivo andare coda gamba,27,0.0,1,0,0,-0.0165,0.0,0.0091,
mangiare schifo personaggio ancorare solo al poltrona spoltroni,14,0.0714,4,1,2,-0.0375,0.125,0.0159,
mettere petulante antipatico levare torno,8,0.0,1,0,0,-0.125,0.0,0.0,
essere capitano,4,0.0,2,1,0,0.0,0.0,0.0,
salvini procura avere fatto record mandare avviso garanzia qui dove essere stare morto scazzo dormire tutto coprire tutto tutto west il italia colpa crollo chi puo essere morto avere pagare biglietto passare li sex sia maledetta,57,0.0,8,1,7,-0.0767,0.1053,0.0,
solo settimana fare stare solo settimana centro libico governativo vedere come uscire,18,0.0,4,0,3,0.0013,0.0,0.0,
avere appena ammesso libia governo non conta cazzo dormire sereno,17,0.0,2,1,0,-0.0202,0.0,0.0154,
beato chi credere mettere dormire proprio coscienza profittatore debole mento,15,0.0,2,0,1,-0.0287,0.0,0.0,
essere sicuro dormire sereno xenofobo razzista come andare nozze video terribile come quello essere stare pubblicare vergone,22,0.0,3,0,2,-0.1484,0.0588,0.0,
cloaca ogni volta aprire bocca pardon chiuso venire nausea,15,0.0,1,0,4,-0.0175,0.0,0.0,
bravo trionfino apprezzare come attore adesso come uomo,10,0.0,2,1,0,0.1408,0.125,0.0,
fare tortura poi vedere come cambiare idea questo qua,14,0.0,2,1,0,-0.0918,0.0,0.0,
ora andare vaffanculo tutto razza tuo mio sapere fascista pure solo verso,23,0.0435,2,0,1,0.0304,0.1667,0.0137,
compito repubblica quello contraddire qualsiasi cosa salvini,12,0.0,2,0,1,0.0429,-0.1429,0.0,
continuare ripetere dormire sereno evidente contrario,10,0.0,3,0,2,0.0668,0.0,0.0,
chi non avere coscienza dormire sempre sereno ogni situazione,10,0.0,2,0,2,-0.0063,0.0,0.0,
dormiro sereno quando mandare salvini al tortura infame libia,11,0.0,1,0,0,-0.127,-0.1111,0.0,
ringraziare salvini,3,1.0,1,0,0,0.0,-0.5,0.0,
dovere essere il inferno essere bruciato vivo,9,0.0,1,0,0,-0.1738,0.0,0.0,
matteo continuare coso,3,0.0,1,0,0,0.0,0.0,0.0,
mandare quello vendere menefreghista incognito poi vedere come dire no libico essere farabutto,20,0.6,3,0,2,0.0341,0.0769,0.0106,
bravo salvini pensare come,6,0.0,1,0,0,0.1916,-0.25,0.0,
cattolico unire preghiera chiedere grazia,9,0.0,2,1,0,0.0913,0.0,0.0,
mente sapere mentire buffone buffone buffone,7,0.0,2,0,3,0.0037,0.0,0.0227,
dormire vedere tanto milione essere sicuro lega pelandrona roma non perdonare piu vaffanculo,17,0.4706,1,0,0,-0.0199,0.0769,0.0109,
andare cauto premier grado volere tempo,10,0.0,1,0,0,0.0876,0.0,0.0,
orrido sottospecie essere umano pile_of_poo ,6,0.0,1,0,0,-0.2188,0.0,0.0,
non volere nostradamus capire essere alleato lega programma essere simile,17,0.0588,2,0,1,-0.0279,0.0,0.0,
"stella avere dare paese mano salvini ""z	u	l	u"" consenso al urna",15,0.0667,1,0,0,0.0695,0.0,0.0,
caro trionfino certo cosa bisogna avere sensibilita cultura il intelligenza leggere primo apprezzare capacitare critica mettere frutto,24,0.0,3,0,4,0.0158,0.0588,0.0,
ecco persona sapere mettere seriamente discussione bravo intelligente,12,0.0,2,0,1,0.1342,0.0,0.0,
tenerone sei non sapere stare rifilare fregatura assomigliare quello ingenuo al fautori comprare rolle prezzo caffo andare via felice soddisfare convincere avere fatto il affare secolo favore fatto canna prossimo volta primo votare sicuramente essere piu lucido,58,0.0,5,1,5,0.085,0.0541,0.0,
avere votare stella mio conoscente avere votare stella nessuno pensare minimamente avere deluso aspettativa orgoglioso,22,0.0,7,0,7,0.0518,0.0,0.0,
manipolazione cretino,4,0.0,1,0,0,0.0068,0.0,0.0476,
quanto stupidire ignoranza politico,7,0.0,1,0,0,-0.0677,0.0,0.0,
matteo salvini non andare persona vedere,10,0.0,2,1,0,-0.0039,-0.1667,0.0,
trionfino minima stare dire sperare forse un alleanza il esentino firenze,15,0.0667,3,0,3,0.012,0.3636,0.0,
interessante articolo molto interessante perfetto vostro target lettore,11,0.0,4,0,3,0.0625,0.0,0.0,
fesso sei fatto prendere culo prossimo volta uso cervello adesso sentire colpa colpa tuo lo avere prendere didietro chi non avere votare,32,0.0,4,0,4,-0.0529,0.0455,0.0074,
stella essere dimostrare quello potere aspettare governo spoltroni governo svariare mese nascondere dietro figura salvini conoscere suo felpa folcloristico al sagra polenta,35,0.0286,4,0,5,-0.008,0.0,0.0,
ogni giorno sconosciuto alzare sapere avere suo mezzo pomeriggio notorieta dovra fare nome salvini,23,0.0,1,0,0,0.0263,-0.0714,0.0,
allora avere ragione praticamente sei diventare democristiano winking_face_with_tongue ,8,0.0,2,0,1,0.1051,0.0,0.0,
volere secondo riflessione capire schifezza essere stalla evidentemente trionfino non avere avere secondo tempo riflettere,26,0.0,2,0,1,0.0469,0.0667,0.0,
vota merda pdf fare cortesia tenere,13,0.0,1,0,0,0.0969,0.3333,0.0,
non mai troppo tardi quando sbagliare giusto ammettere,11,0.0,1,0,1,0.003,0.0,0.0,
essere tanto non sei solo stella perdera molto suo elettorato,14,0.0,2,0,2,0.0988,0.0,0.0,
non avere idea chi sia letto tuo proclama venire spontaneo dare pirla,19,0.0,2,1,0,-0.0047,0.0,0.0145,
sei casta sei vergogna permettere giudicare ministro andare lavorare,16,0.0,1,0,0,0.0201,0.0,0.0,
rispetto vide altro quando essere espresso saccente arroganza ribadire quello avere scrivere felice giornata,19,0.0,3,1,3,0.1423,0.0714,0.0093,
ladrone vergone tutto soldo prendere senza meritare capra lardosa,12,0.1667,1,0,0,-0.0335,0.1111,0.0154,
giordano tipico giornalista inutile risultato perennemente scadente specie miracolone acido come zitella vergine,19,0.0,2,0,3,-0.0452,0.0769,0.0,
questo scozzone non avere dire essere dare fuoco cosa aspettare,15,0.0,3,2,0,-0.01,0.1,0.0,
bastare tutto problema avere il italia non esistere solo migrare fare finire campata questo,19,0.0526,6,2,4,0.0208,0.0,0.0,
non avere dichiarare dare foco pubblico piazza ancora aspettare,13,0.0,1,0,1,-0.0071,0.0,0.0,
non avere quasi mai concordato spazzola quanto riguardare ricetta economico suo posizione chiarire differenza destra fascismo destra economico non fascismo come sinistra non comunismo,36,0.0,2,0,2,-0.0081,0.0417,0.0,
cosa stare ancora ad ascoltare salumaio emiliano non essere capace fare salame rompere questo unionismo vomito,24,0.0,1,0,0,0.0278,0.0625,0.0182,
eccolo qui pota eccellenza vecchio pensionato stordire neurone cervello,14,0.0,1,0,0,0.0598,0.1111,0.0,
parte non questo spiegare differenza incontro stare incontro privato come funzionare fa cosa sbagliare ventini renzi poi fa salvini secondo godere immunita data primo,42,0.0238,2,1,0,-0.0012,0.0769,0.0,
ecco altro beota foto antifascista cosa volere spiegare piccolo ritardare mentale iniziare togliere quello foto beota poi spiegare alcune sospetta,30,0.0,3,1,1,-0.0256,0.1739,0.0068,
elettore mi su riconoscere cromosoma fatto quando altro parlare fatto tirare fuori solo offesa dare quoziente intellettivo pari quello medusa spiaggiata,34,0.0,1,0,0,0.0081,0.0952,0.0,
shanghai citta abitante potere girare sereno pacifico nessuno fa niente taxi cibo acqua praticamente gratis ecc ecc,24,0.0417,4,0,8,0.0181,0.0,0.0,
bona solo nessuno fiatare adesso bomba stare fatto fuori improvvisamente tutto vedere problema ovunque primo dove eravate fenomeno,22,0.0,4,1,3,0.0007,0.0588,0.0,
ministro dell istruzione ministra minestra analfabeta cosa volere aspettare,14,0.0,2,1,0,-0.0045,0.1,0.0133,
qualcuno puo gentilmente spiegare noto contratto governo riforma strutturale essere scuola grazia smiling_face_with_smiling_eyes ,18,0.0,3,1,3,0.1519,0.0,0.0,
politica del austerita voluta dal ue collaborazione nostro governo precedente il attuale avere portare scuola non solo questo risultato,23,0.0,2,0,5,-0.0038,0.0,0.0,
avanti cambiamento,4,0.0,2,0,1,0.0011,0.0,0.0,
fa morale polo freud perir pataccone polso bello abbronzare favore,19,0.0,3,0,4,0.0929,0.2,0.0,
salvini avere votare avere ammesso avere commesso errore quanto politico fare pubblico ammenda errore,20,0.0,3,1,2,-0.0906,-0.0714,0.0,
salvini avere sempre fatto parte sistema volta era cucciolo cane scodinzolare davanti suo padrone farabutto umberto bosso,25,0.0,2,0,2,0.0043,-0.0588,0.0165,
intanto accordare turbatore libico dimostrare grande disumanita meglio essere tacere comunque,17,0.0,3,0,3,0.0493,0.0909,0.0,
secondo poco ministro passato governo forse il unico avere operare nel interesse italiano qualche modo avere affrontare trovare soluzione moralmente piu meno indivisibili problema del immigrazione incontrollato,36,0.0,1,0,0,-0.0616,0.037,0.0,
senza vergogna partito avere iniziare privatizzare tutto possibile tasse italiano benetton avere fatto ponte ed oro adesso colpa essere salvini al epoca non contare nulla vedere capo lega era bosso essere socio forzuta patto nazareno adesso fata gnorri essere penoso soprattutto vigliacco dentro,65,0.0,5,4,0,-0.0196,0.0698,0.0034,
salvini avere dire non fare manutenzione problema non concessione speculazione spinta al estremo,20,0.0,2,1,0,-0.0061,-0.0769,0.0,
come avere sempre dire governo essere tanto ignorante non sapere leggero essere solo bravo dare colpa ad altro,23,0.0,2,0,1,-0.1037,0.0,0.0091,
riaccordo salvini non era ministro era semplice parlamentare,11,0.0,1,0,1,-0.0357,0.0,0.0,
voto concessione cosa ci entra responsabilita vostro tutto vostro non avere controllare mazza irresponsabile,19,0.0,5,1,4,-0.0209,0.0769,0.0093,
votare non significare essere complice poi quello tempo non essere salvini bosso,15,0.0,3,0,3,0.028,-0.0833,0.0,
non volere sentire tirare ballo avere finire rovinare il italia continuare parlare,14,0.0,2,0,2,-0.0387,0.0,0.0,
problema non concessione mancare controllo,10,0.0,2,0,1,-0.1467,0.0,0.0,
balordo sinistra fare scaricabarile,7,0.1429,1,0,0,-0.0824,0.0,0.0,
tinniti dovere solo stare zitto sei vergogna calabria,10,0.0,2,0,1,-0.0969,0.125,0.0,
fare saluto romano essere apologia fascismo reato,11,0.0,1,0,0,-0.0521,0.0,0.0204,
il invasione il invasione ultracorto privo anima pieta rispetto umano circondare questo benissimo altroche,21,0.0,3,0,2,-0.0429,0.0714,0.0,
il invasore sound schiacciare letame,7,0.0,2,0,2,0.0117,0.2,0.0,
avere ragione invece democratico medio coso pollo cascare,10,0.0,1,0,1,0.0517,0.0,0.0175,
cosa ridicola detta orbare stesso incontrare salvini avere chiedere consenso berlusconi questo dire lungo salvini marionetta,26,0.0,2,0,5,-0.0091,-0.125,0.0,
truffatore pdf avere governato talmente male oggi trovare mantenere nullafacente padano spadroneggiare questo dovere ringraziare tresconi compagnia brutto,27,0.0741,3,0,2,-0.0635,0.1111,0.0065,
alleare andorra bulgaria,7,0.0,2,0,2,0.0,0.0,0.0,
sciacallo stare scoperchiare fogna tachiste,8,0.0,2,0,1,-0.0625,0.2,0.0,
intanto trucia andare pechino chiedere il elemosina andare chiedere ritornare comprare news titolo stare spolpera momento guscetto avere impedire sbarco ricotti bah,36,0.0,7,5,5,0.01,0.2273,0.0,
innanzitutto non ci e scrivere fare storia legge bene ammesso non concedere avere tutto diritto fare storia legge consentire persona non essere oggetto scappare guerra,37,0.027,4,0,7,0.0034,0.0417,0.0,
avere vedere quanto inventare puro imporre tutto migrare suolo italiano appellare qualsiasi cavillo pretesto essere allucinante il italia non il eldorado smettere illudere quello migrare economico,34,0.0,6,3,2,-0.036,0.0385,0.0,
no volere andare montecarlo vedere sgraneremo,9,0.0,2,0,1,0.0937,0.1667,0.0,
bastare sbattere palla quello dire commissione ue vedere quando servire aiuto ricollocazione avere fatto finta non sentire,27,0.0,1,0,2,0.016,0.0,0.0082,
pamela stare uccisa fatta pezzo maledetto sbarcare qui italia bastare,14,0.0,2,0,3,-0.0217,0.0,0.0,
senegal al aeroporto dar tutto documento regola primo cosa avere fatto stare prendere impronta digitale tralasciare trattamento,24,0.0,2,0,5,-0.029,0.0588,0.0,
salvini vedere notizia avere lasciare tutto basire fenomenale vedere faccia giornalista missionario avere stendere,27,0.0,3,1,3,0.012,-0.0714,0.0,
mai vedere storia italiano ministro volere coso bene popolo,12,0.0,2,1,0,0.0175,0.0,0.0,
povero ipocrita istigatore odio altro salvini essere cancro del italia,15,0.0,4,0,3,-0.1275,-0.1,0.0143,
questo foto stare scattare quando il italia vincere il ultimo mondiale ci ero tanto altro italiano,16,0.0,2,0,1,0.017,0.0667,0.0,
ancora non avere capire problema non colore pelle,15,0.0,2,1,0,-0.0107,0.0,0.0,
resistenza chi cosa soprattutto quale vide quale soluzione concreto nostro paese,16,0.0625,3,2,1,0.0383,0.0909,0.0,
quattro scappare casa zecca rossa centro sociale,9,0.0,2,0,1,-0.0173,0.0,0.0208,
arroganza quello pensare solo proprio idea sia quello giusto,13,0.0769,2,1,0,0.0789,0.0,0.0,
sempre quell idiota salvini poco ce trovare vendere folletto casa,18,0.0,3,2,0,-0.0224,0.0,0.0154,
